1.0,0.22153650803556466,-0.5001182124657437,0.00811879359017462
1.000000000000002,0.27375308417422406,-0.49077250534829386,-0.06224201398341179
1.000000000000002,0.10507240324818277,-0.47972360489579247,0.02266414512997691
1.000000000000002,0.3312056720223337,-0.4569895207491227,0.10555374745100086
1.000000000000002,0.19394653197667183,-0.4599690610935161,-0.18183513556162625
1.000000000000002,0.12459347051576602,-0.44758965143251267,0.19058407582801573
1.000000000000002,0.4102895429620159,-0.428580926991329,-0.056365581504351954
1.000000000000002,0.031491966853786676,-0.4363469300748899,-0.10817349768403942
1.000000000000002,0.2990358316164575,-0.40995518935942993,0.2574616715252084
1.000000000000002,0.3097212329779579,-0.4082459799006699,-0.24926133778682955
1.000000000000002,-0.0049360727942050105,-0.4013224791547183,0.13838137119609392
1.000000000000002,0.4680112882988219,-0.37232613455871927,0.08965850230964757
1.000000000000002,0.08648931786630602,-0.3887625363120979,-0.2724965473501986
1.000000000000002,0.16583424843987932,-0.36303651902595147,0.3363080765450273
1.000000000000002,0.4531028066731415,-0.34651036581573114,-0.18524279073732053
1.000000000000002,-0.07063594936753909,-0.3553687533311524,-0.04129786677948892
1.000000000000002,0.4176013262525837,-0.323260332078756,0.27159673272908713
1.000000000000002,0.23406261001391893,-0.33254408160780174,-0.36907730651036963
1.000000000000002,-0.0024176237200719784,-0.31194922452704243,0.2817985438244977
1.000000000000002,0.5353176151664174,-0.2843263871740729,-0.026015193038745988
1.000000000000002,-0.036065708352244964,-0.30537900731156503,-0.2574088466905279
1.000000000000002,0.2635801670661709,-0.2802146354080612,0.4093312350664439
1.000000000000002,0.4166232533122402,-0.27399465554296665,-0.3257955768920022
1.000000000000002,-0.120260961445686,-0.2719094238469238,0.09893704702230899
1.000000000000002,0.521168791476326,-0.23961481148621167,0.19303714930312588
1.000000000000002,0.11399939013156554,-0.25772468831776174,-0.4091538061958569
1.000000000000002,0.06885223796870864,-0.2332969195348438,0.40171761504735937
1.000000000000002,0.5496133545981695,-0.20079775487933035,-0.15845318015502757
1.000000000000002,-0.13296980217518756,-0.22874526924542038,-0.14863189063910864
1.000000000000002,0.3942430879919229,-0.19861489799076315,0.39270740356436734
1.000000000000002,0.3192276508916556,-0.19643738457253163,-0.4381469022727031
1.000000000000002,-0.10293262219604979,-0.1878596760252756,0.26092326327822957
1.000000000000002,0.5853303273217996,-0.1523801541062551,0.05549685318827372
1.000000000000002,-0.017298297548813544,-0.17545242136818462,-0.3739012823729375
1.000000000000002,0.18937416362273718,-0.1484675035591865,0.4741204885894199
1.000000000000002,0.5059372406173963,-0.1377750105465755,-0.3080352472745115
1.000000000000002,-0.17906353422785912,-0.13879396034383135,0.0009290280328280638
1.000000000000002,0.5053480151395047,-0.12344855667553244,0.30713081966376343
1.000000000000002,0.18368439961215738,-0.12980717239700199,-0.4820759448523376
1.000000000000002,-0.024018959700213664,-0.09648006587323579,0.39368063779299034
1.000000000000002,0.6004922215205571,-0.06507123454405656,-0.07363448575651846
1.000000000000002,-0.12430596887946198,-0.09149500931511464,-0.2623325803376413
1.000000000000002,0.326402421605156,-0.06606744388162981,0.46820465948297557
1.000000000000002,0.4109449467699657,-0.0630390277811031,-0.4249237581867816
1.000000000000002,-0.169771860132074,-0.056199443804593206,0.17765908417185813
1.000000000000002,0.5878593171900843,-0.05213699904525118,0.154295008438793
1.000000000000002,0.04917153819655158,-0.04449178508217906,-0.4501951992017424
1.000000000000002,0.09808738017252867,-0.012639110778654736,0.4763527883163133
1.000000000000002,0.5646209390158254,-0.0035514888396376825,-0.22083455096135338
1.000000000000002,-0.18517710771413964,-0.006447574316410702,-0.10375627203670298
1.000000000000002,0.45391160623753657,0.004481353457162196,0.38847436430816634
1.000000000000002,0.2723042511416659,0.008016057844964813,-0.4870508904658762
1.000000000000002,-0.09282960988601406,0.03070547594939638,0.3239303352967815
1.000000000000002,0.6080386655536757,-0.0021791923839199435,0.016660036697716967
1.000000000000002,-0.07200674479638462,0.037342271737367316,-0.35797522329897946
1.000000000000002,0.24050660968305762,0.059226524250058595,0.49093578498884105
1.000000000000002,0.474913513299055,0.06032440569619205,-0.359319378007534
1.000000000000002,-0.18631837986280564,0.08082266335509264,0.07012089532189074
1.000000000000002,0.545289895797275,0.07149335070632333,0.2525158615046915
1.000000000000002,0.13583945664203825,0.08795069751709055,-0.48170200176990396
1.000000000000002,0.02159828121942917,0.11378699773629918,0.42330233909668485
1.000000000000002,0.5841840258682904,0.10878291434177405,-0.12055507586550424
1.000000000000002,-0.14673841185586628,0.12019093149732032,-0.20910209635962335
1.000000000000002,0.3750610094596252,0.13934798717156488,0.426545297044744
1.000000000000002,0.35020042658879263,0.13513992923488796,-0.4406082366235758
1.000000000000002,-0.12449089244474996,0.16289313521821527,0.22365882846756288
1.000000000000002,0.5840625921598339,0.13758413034662112,0.10384697459014255
1.000000000000002,0.011473742962584467,0.16921413715308395,-0.3970609105433594
1.000000000000002,0.15805416483294818,0.19779934857934098,0.4529216857478376
1.000000000000002,0.5122007491576973,0.18659199403621604,-0.2631198486515394
1.000000000000002,-0.15543428932618106,0.20794248731510875,-0.039826781489334204
1.000000000000002,0.47013266149822835,0.2068185002840997,0.3113957455822675
1.000000000000002,0.21990732810401975,0.2191559728560839,-0.4471330808853529
1.000000000000002,-0.02151584569651813,0.24509820129202045,0.3234314309886807
1.000000000000002,0.5658114582812858,0.22144705765816067,-0.03262616584066705
1.000000000000002,-0.06565991019126946,0.25375555535954464,-0.27223922431458064
1.000000000000002,0.28321270710012947,0.27223507886997605,0.40676090454939823
1.000000000000002,0.40240919307234324,0.2667366763918123,-0.3428549173184535
1.000000000000002,-0.10924100381527066,0.29451203368921564,0.10295456230677785
1.000000000000002,0.5099407955523032,0.27678577202866567,0.17015556910687082
1.000000000000002,0.1093358369864191,0.3038410258560064,-0.37389204318086205
1.000000000000002,0.10513067737121315,0.32689110581155484,0.3558536167528121
1.000000000000002,0.49700339605382826,0.3125548896968662,-0.1510444591554056
1.000000000000002,-0.07137600112252462,0.33874234225469074,-0.11886322824607984
1.000000000000002,0.36875861304061086,0.34121467757338875,0.29859395836645003
1.000000000000002,0.2850793715387268,0.3512385031753703,-0.34323519945455033
1.000000000000002,-0.010333596353660485,0.3734207897731943,0.18997429004518862
1.000000000000002,0.4839405776711041,0.3661078331237542,0.04071931540344856
1.000000000000002,0.05342876424488687,0.3885870447050717,-0.24553185884503986
1.000000000000002,0.21790297550067364,0.4010639891256317,0.29411025314653694
1.000000000000002,0.3891519623322351,0.3953239698182582,-0.20417592172031251
1.000000000000002,-0.0065787528152930685,0.4229034906004406,0.006919938171624436
1.000000000000002,0.3829556016270607,0.4204600301581857,0.15526477696630714
1.000000000000002,0.19516647111214525,0.4381398326273236,-0.24191295287839296
1.000000000000002,0.12191290611533237,0.4532921297604599,0.17691783680816353
1.000000000000002,0.3775288465472339,0.4552699365270396,-0.04905689672502039
1.000000000000002,0.09905407400485344,0.47059880117233427,-0.08994326073003725
1.000000000000002,0.2598410140336774,0.4799598471145669,0.12736320511792648
1.000000000000002,0.2555174504167022,0.4843484403173182,-0.10079304898468429
1.000000000000002,0.21992508980404593,0.4957197007920116,-0.010911858718125155
1.000000000000002,0.12331488149833059,-0.3598496893926786,-0.10798685390973585
1.000000000000002,0.16678562116744844,-0.32927276611852496,-0.15734600486819728
1.000000000000002,0.040282567185319536,-0.35338382416446545,-0.09917147671361944
1.000000000000002,0.20839983159211184,-0.3512767736051938,-0.032852057210711244
1.000000000000002,0.0985827371575759,-0.29296108796680825,-0.24524930796919836
1.000000000000002,0.047087443776201596,-0.3675292916428921,0.03995923337370586
1.000000000000002,0.2688783138494068,-0.2913502268613582,-0.1367168420867883
1.000000000000002,-0.022279505700900728,-0.28749948899807565,-0.17773401295418817
1.000000000000002,0.18449832209655825,-0.35530641451207207,0.09527268948910822
1.000000000000002,0.1937480944551158,-0.2300013494546007,-0.2744610225787684
1.000000000000002,-0.05508446210617933,-0.3204663250116704,0.011024988617700992
1.000000000000002,0.3109820728532345,-0.2827361229676603,-0.027402396184683035
1.000000000000002,0.017179686874796228,-0.2102440154307097,-0.29530637460920234
1.000000000000002,0.08366848531597851,-0.3426781105563195,0.1526717456557708
1.000000000000002,0.304229942510664,-0.20019520791017031,-0.21330012296244832
1.000000000000002,-0.10806121095399275,-0.245913484178909,-0.11241268507192018
1.000000000000002,0.26763554356792846,-0.2949021069672903,0.12530180954982867
1.000000000000002,0.13359343412953742,-0.15015275722088742,-0.3373574457826937
1.000000000000002,-0.052393345326861754,-0.29115536612227527,0.1268859592717543
1.000000000000002,0.359457552892503,-0.19198002521126867,-0.07814725827997149
1.000000000000002,-0.0756370809182545,-0.1545321587571647,-0.2504914813409695
1.000000000000002,0.158138384407799,-0.29256496219915795,0.22161548728004904
1.000000000000002,0.2709433302000582,-0.10470249293385585,-0.2986406576635703
1.000000000000002,-0.13864194279007558,-0.2178541742282513,0.0021877873147556474
1.000000000000002,0.3473622861634752,-0.21791634306902918,0.08212644159662488
1.000000000000002,0.03464319620402236,-0.09116898843930249,-0.3591499181211704
1.000000000000002,0.012622801828419121,-0.2579995518121803,0.23616881864946673
1.000000000000002,0.3741824213835224,-0.10820070837247928,-0.16478255743503803
1.000000000000002,-0.15435690482606285,-0.12537977044516393,-0.15923390332765122
1.000000000000002,0.25362516432126314,-0.2365345379071607,0.2311134726512374
1.000000000000002,0.19859380716878322,-0.04428389555656352,-0.3534849068336872
1.000000000000002,-0.12738736822484553,-0.19222383008293167,0.14761760548492806
1.000000000000002,0.3947021944876592,-0.11798505679013338,0.00713847372597804
1.000000000000002,-0.06481943639706007,-0.04168852148552319,-0.3059409181875669
1.000000000000002,0.09913086429832405,-0.22192921049164852,0.29843790564026274
1.000000000000002,0.3403987790531158,-0.021857195424032458,-0.24680274219457826
1.000000000000002,-0.19014503294952528,-0.10388978130388239,-0.03163769913655898
1.000000000000002,0.3401574313410501,-0.16046227410044647,0.186872901045244
1.000000000000002,0.09172236490770111,0.03107605783897169,-0.372900623057985
1.000000000000002,-0.0677798874290452,-0.17010844119984753,0.2617245134381299
1.000000000000002,0.4153645111955245,-0.03025944744504042,-0.059527855855376385
1.000000000000002,-0.1445043529534541,-0.0021872835998369903,-0.21767201207776013
1.000000000000002,0.20321276076927064,-0.16043964687894643,0.31603819990277077
1.000000000000002,0.2656834312237974,0.05208575375528835,-0.31793263708722846
1.000000000000002,-0.17566337604245758,-0.08208679540429564,0.11054150193033106
1.000000000000002,0.4022448158155714,-0.07072229420588404,0.09639550127594132
1.000000000000002,-0.008567672511470788,0.08115870562079432,-0.3385805265638393
1.000000000000002,0.029368175173571837,-0.1333343038611081,0.3397186657033738
1.000000000000002,0.39076933335011277,0.0563828553097762,-0.1551085693755429
1.000000000000002,-0.18870770650835392,0.027812751872506085,-0.07200596342311903
1.000000000000002,0.3016420344445913,-0.09115951445499562,0.27244001344103697
1.000000000000002,0.16581235892123228,0.13080684625191802,-0.3457503965765079
1.000000000000002,-0.1197414322919008,-0.06078950617286178,0.23978431342830817
1.000000000000002,0.42235508686501094,-0.006375658325166608,0.009830840651777523
1.000000000000002,-0.10155026625240897,0.11570757535585327,-0.24153308977942273
1.000000000000002,0.14356582350813,-0.08493772944160263,0.35791535058702495
1.000000000000002,0.3177375440692532,0.14155855940137782,-0.23853296866342963
1.000000000000002,-0.1896538592297104,0.03352596456774933,0.07607154801087979
1.000000000000002,0.3668871509837303,-0.0182247133865246,0.1971427584040435
1.000000000000002,0.05620683463451295,0.18701358682018257,-0.31989313941576913
1.000000000000002,-0.02599925635422912,-0.0244006673463083,0.33628256750449076
1.000000000000002,0.402263165672845,0.10154311487055907,-0.05554402486348757
1.000000000000002,-0.15609416781799798,0.13909231868849328,-0.11677303990888843
1.000000000000002,0.23922427556586356,-0.005734305834266362,0.3409510256237017
1.000000000000002,0.22566062172952434,0.19696653422260768,-0.28436965038717693
1.000000000000002,-0.14409398430685083,0.06606785260631999,0.20351005062171387
1.000000000000002,0.3997402072487348,0.06823407997789924,0.10885361335822637
1.000000000000002,-0.0355273891545817,0.2204216712406755,-0.24492683233141774
1.000000000000002,0.07360416041445593,0.025799685114196346,0.369509285961722
1.000000000000002,0.3465403441335531,0.19185852057180278,-0.14321648764226932
1.000000000000002,-0.17305575157797115,0.16382789303190093,0.019411231652657658
1.000000000000002,0.3138949447814611,0.07575634425230168,0.2717726263257232
1.000000000000002,0.1184713354208615,0.27102633977510643,-0.2666571696744786
1.000000000000002,-0.06721065795829663,0.09984394042749409,0.285390938235679
1.000000000000002,0.3941208947393064,0.16505995389894815,0.030160636745663737
1.000000000000002,-0.09787440417229491,0.24710483065956307,-0.12688688958661332
1.000000000000002,0.17521593724909737,0.09707521542740309,0.3501656001150463
1.000000000000002,0.2604878831417048,0.2753017105854698,-0.18116820304615633
1.000000000000002,-0.12643267594552196,0.19230366161076945,0.14682486509107834
1.000000000000002,0.3442516891000366,0.1636840103974954,0.18476116096157663
1.000000000000002,0.03878635022607305,0.30353316841650996,-0.20195867401886702
1.000000000000002,0.033656332358821615,0.14648783440383528,0.3359155464975948
1.000000000000002,0.33339208377694374,0.2559268234921587,-0.04166089736065928
1.000000000000002,-0.09941384063370066,0.2710853519382197,-0.004434635636317634
1.000000000000002,0.23815985306485712,0.17441627916251942,0.2869836804512397
1.000000000000002,0.16900693861865704,0.3373658468790602,-0.15809833688087327
1.000000000000002,-0.04773804160889916,0.22186867824984174,0.22841765961714236
1.000000000000002,0.322908245477667,0.2491339175084567,0.10933220653450092
1.000000000000002,-0.010055495745384117,0.33802048603206436,-0.08596638544110795
1.000000000000002,0.12069973794275529,0.21801313925045185,0.2995427690524059
1.000000000000002,0.25015502366063785,0.33215601076791523,-0.05405909201172477
1.000000000000002,-0.04713725167083303,0.29984026965451754,0.10466655924834883
1.000000000000002,0.24614138609159625,0.2612123307733304,0.21162220452844144
1.000000000000002,0.10273394578852504,0.3658411334776322,-0.06826746295301629
1.000000000000002,0.047958161326947024,0.2858835199674046,0.23103507014452457
1.000000000000002,0.25127643831219465,0.3241441881506956,0.0810513809606637
1.000000000000002,0.02423352677313785,0.36168627903606726,0.036988112993074355
1.000000000000002,0.148915337470485,0.32071590913053655,0.2037371899053837
1.000000000000002,0.14116983233584257,0.3722846078599948,0.039889507763439844
1.000000000000002,0.11792240805695577,0.3566191664192567,0.11246536941393191
1.000000000000002,0.05666613934055103,-0.19836931258255835,-0.129313048642173
1.000000000000002,0.09269870768477281,-0.17094393574909575,-0.1536641869757412
1.000000000000002,-0.01193051105331071,-0.19472924707649647,-0.11568386775186056
1.000000000000002,0.12299294174517607,-0.20888159914818866,-0.07531203078765178
1.000000000000002,0.045288010293836195,-0.14079651289308798,-0.1916320231594322
1.000000000000002,-0.0033118247714253417,-0.2314849831818289,-0.02983594729706529
1.000000000000002,0.17152973157317025,-0.1552704306730499,-0.1357309113729915
1.000000000000002,-0.05421343498595421,-0.14385839555426466,-0.1554443288649059
1.000000000000002,0.10603941567362511,-0.22936525603760363,-0.006538872837089366
1.000000000000002,0.10757314744054577,-0.08962352888731921,-0.20988998920568452
1.000000000000002,-0.08054503039803426,-0.1915281162171312,-0.053005070688014445
1.000000000000002,0.20636002096230682,-0.16361944253391228,-0.060705563341568354
1.000000000000002,-0.030774107176879572,-0.072430371520451,-0.21089631027240582
1.000000000000002,0.019364954474532806,-0.23058408374573322,0.0321848384425857
1.000000000000002,0.1966350509966413,-0.08672557308057906,-0.1618161398621638
1.000000000000002,-0.12466502776811139,-0.12529616431245372,-0.10422480920328552
1.000000000000002,0.17342748723476467,-0.20011733453659855,0.026883613059208254
1.000000000000002,0.059759340226400955,-0.03700385890576659,-0.2334753188087546
1.000000000000002,-0.08585814948740146,-0.19686572217675888,0.032263415104529534
1.000000000000002,0.25454070100198223,-0.10455598433122781,-0.07720101906493422
1.000000000000002,-0.10062997287174895,-0.05104988314099043,-0.17544083554396622
1.000000000000002,0.08365455511330187,-0.2164257792170157,0.08548791489583635
1.000000000000002,0.17719898399074824,-0.023361361729567605,-0.19696504148554675
1.000000000000002,-0.1518924642524188,-0.13653706930202397,-0.02264194814332154
1.000000000000002,0.2390989140748788,-0.14813671107968168,0.019249460384382872
1.000000000000002,-0.003533366817827343,0.005234119751838068,-0.23165652150409632
1.000000000000002,-0.03780341735237654,-0.1949941873962281,0.10190642375079402
1.000000000000002,0.2542481010738367,-0.0451541980553474,-0.10876446326067529
1.000000000000002,-0.16051413043661222,-0.05592137948478925,-0.1182597311525705
1.000000000000002,0.163251377706113,-0.18238761776841028,0.1018026209611278
1.000000000000002,0.11785282107505664,0.040857084818427036,-0.2220403992326939
1.000000000000002,-0.1430165907874368,-0.13696388108011073,0.055302938838451256
1.000000000000002,0.2744368834515564,-0.07298636363425522,-0.01412340303219725
1.000000000000002,-0.09206306678747195,0.02524677033855695,-0.19320949539828353
1.000000000000002,0.033896226841929014,-0.1822217540642049,0.14788383845703748
1.000000000000002,0.22811749547802998,0.024732553389810313,-0.15736047036036735
1.000000000000002,-0.1912399993381561,-0.05828727083688077,-0.0298497500890827
1.000000000000002,0.23567666350157507,-0.12022235011219572,0.08221641062246646
1.000000000000002,0.03762251548834613,0.07235500966155275,-0.21171683693647078
1.000000000000002,-0.08982439673233925,-0.1373473182955029,0.1318272102464511
1.000000000000002,0.2922197900079162,-0.0030876560082202763,-0.04570822192138012
1.000000000000002,-0.15281357834724663,0.036990630441253766,-0.12305313213054062
1.000000000000002,0.12276038976077568,-0.1447036931447043,0.17203494313183154
1.000000000000002,0.17112572531710257,0.08608475323302398,-0.1847261016007727
1.000000000000002,-0.182185255303968,-0.06648709805189952,0.0532086313620886
1.000000000000002,0.2814502069842765,-0.05351864114840119,0.044565281027129304
1.000000000000002,-0.054077345946671816,0.10106276848503983,-0.18861909602304977
1.000000000000002,-0.013370451022016738,-0.13551444669468285,0.18508883205775822
1.000000000000002,0.2710758459333233,0.05930306358360078,-0.08876872957447787
1.000000000000002,-0.1926254983254549,0.0255173633337637,-0.04035704151570242
1.000000000000002,0.20487059183502732,-0.09976664777349024,0.1510036895764769
1.000000000000002,0.0917965724867445,0.13874323897560933,-0.18761217268083039
1.000000000000002,-0.1369735275728157,-0.07628651541058082,0.1287179086771376
1.000000000000002,0.28913675201241307,-0.00444249797481071,0.00898802158376638
1.000000000000002,-0.12316582855726725,0.11774350731832729,-0.13392749732044842
1.000000000000002,0.06933031335342012,-0.11599966835548209,0.20108938065547338
1.000000000000002,0.2128892181798751,0.12933600160502218,-0.10931123877202499
1.000000000000002,-0.19012868190859714,0.014247077552419555,0.04802594148317985
1.000000000000002,0.2557345600744653,-0.03918639537390807,0.11146631186911449
1.000000000000002,0.0005928619483618977,0.16370032699532558,-0.1572001111113105
1.000000000000002,-0.06580056642626653,-0.06924089968437583,0.1968715857313777
1.000000000000002,0.2800078959862658,0.06688151338141701,-0.019398820530650784
1.000000000000002,-0.17175474518398942,0.10408439564425279,-0.04532999659818121
1.000000000000002,0.15395931346306005,-0.07038214546312023,0.19869899587058554
1.000000000000002,0.1390108625117841,0.17989323231101284,-0.12492508723538996
1.000000000000002,-0.1567253288627118,-0.0037180129887880793,0.12593471259420574
1.000000000000002,0.2775373451487216,0.017220869170838888,0.07857315066833254
1.000000000000002,-0.07649548434645445,0.17382164756891114,-0.10409156523235319
1.000000000000002,0.009715922208861782,-0.060250622197317,0.2233669656735614
1.000000000000002,0.22998628949315789,0.13830194611024652,-0.0327377422248033
1.000000000000002,-0.17665493542532032,0.0873115173652035,0.05115310401255826
1.000000000000002,0.2143235291860073,-0.026434170819682308,0.17368113275684105
1.000000000000002,0.0580099390312181,0.21735844883748875,-0.09366480812081668
1.000000000000002,-0.09227063657071599,-0.01757380407459192,0.18664585339344467
1.000000000000002,0.26725202683905114,0.08095989134376716,0.06325253689802872
1.000000000000002,-0.11973586663168169,0.17241637086338546,-0.016071741889399017
1.000000000000002,0.09797846729782368,-0.02219654300656891,0.23088999364709045
1.000000000000002,0.16536639439198045,0.1932188363815661,-0.04761284444777782
1.000000000000002,-0.1436384876019461,0.07100285266792739,0.1260869447563264
1.000000000000002,0.22924912613059711,0.04466963980228266,0.1429446244614282
1.000000000000002,-0.011036596515211806,0.21985197650548627,-0.047624175566700414
1.000000000000002,-0.019179533225245696,0.022837222350373696,0.21899272146972426
1.000000000000002,0.22780022340467124,0.15599158427696458,0.03774817227960332
1.000000000000002,-0.1267582703612749,0.16287205706655442,0.05806154021206759
1.000000000000002,0.14951306874734,0.044196210192350115,0.20108650417567944
1.000000000000002,0.0876709822095929,0.22515666859875552,-0.02554727190403289
1.000000000000002,-0.08379890705025583,0.0855572787297233,0.17170779487562854
1.000000000000002,0.21154015945599916,0.12009882529984647,0.12056694375572358
1.000000000000002,-0.04244761633115025,0.21000359982669992,0.015074606494849966
1.000000000000002,0.05356491831224432,0.0675856846718538,0.2188238545090912
1.000000000000002,0.15973435966448166,0.1952693668086808,0.03273305042341809
1.000000000000002,-0.08362273876651985,0.15598949402100007,0.1199429955290752
1.000000000000002,0.15646215801027308,0.11444450187006143,0.16888347521453329
1.000000000000002,0.036517580349010155,0.23451313493598377,0.020271073098335375
1.000000000000002,-0.010287536811879992,0.1289948718454384,0.19026814024979205
1.000000000000002,0.1546128088068234,0.1853226373190622,0.09919252290038752
1.000000000000002,-0.021254504024622013,0.20444828060719702,0.09093759984596016
1.000000000000002,0.07835798557651698,0.15053850799197793,0.17615452570509385
1.000000000000002,0.0767649413083786,0.21838985612187897,0.09348991764396246
1.000000000000002,0.06206706101185688,0.19966391631441177,0.12803891043021326
1.000000000000002,0.004144996283570218,-0.05217107982072654,-0.08453035550478881
1.000000000000002,0.035465532386616594,-0.037644954297880395,-0.08399067809183847
1.000000000000002,-0.049030542530009616,-0.05382385689459779,-0.07136208995304477
1.000000000000002,0.06516900901280674,-0.06304217387036808,-0.06576988892624167
1.000000000000002,-0.009230822809696193,-0.014814169144008642,-0.09645222701035981
1.000000000000002,-0.03982307396869254,-0.08150374250682983,-0.055366848829671245
1.000000000000002,0.10600956524602288,-0.03715804592428331,-0.0695266223822612
1.000000000000002,-0.09200935212671103,-0.031133016462939075,-0.0836266799501018
1.000000000000002,0.04841817708237575,-0.0903732634595472,-0.04419757443778513
1.000000000000002,0.05440946132211848,-0.002129073764053675,-0.09312338193831445
1.000000000000002,-0.10577070102560664,-0.06976470008745174,-0.05049911107946708
1.000000000000002,0.12916373521154595,-0.04960956798845948,-0.04843112181498201
1.000000000000002,-0.06083963435055542,0.0034371030787649966,-0.0894592514329245
1.000000000000002,-0.025497137940774475,-0.08828736372972547,-0.029904774868161583
1.000000000000002,0.12544307796586035,0.004606409695195231,-0.07460709417517407
1.000000000000002,-0.14211806362856408,-0.029939540421071956,-0.06946444061592721
1.000000000000002,0.10407083741109205,-0.08431986971885339,-0.0318436910594136
1.000000000000002,0.017424784244114602,0.02706798719253314,-0.09176350489323612
1.000000000000002,-0.10868878518076128,-0.07868226288154777,-0.01961690922345013
1.000000000000002,0.16178423509449485,-0.025830229604427806,-0.047537736851117555
1.000000000000002,-0.11705399584573446,0.016769262761741944,-0.08041302977846748
1.000000000000002,0.026243071158800677,-0.1027512590726677,-0.0008880340467698471
1.000000000000002,0.10680168218134897,0.027695445068529955,-0.08477150290788729
1.000000000000002,-0.16447347689030653,-0.05432995207552208,-0.030495789154614587
1.000000000000002,0.15622911833338468,-0.06285598319441515,-0.013581084927276842
1.000000000000002,-0.04572558453938494,0.04201011118040934,-0.08619988580687134
1.000000000000002,-0.06358288520328573,-0.09682684467730492,0.01849738918186458
1.000000000000002,0.17486229027619546,-0.0011239351162969035,-0.05120478552155975
1.000000000000002,-0.17083800594007847,0.0023280268259342762,-0.058086727542678594
1.000000000000002,0.09483553781182576,-0.08423235726825179,0.017937106300150052
1.000000000000002,0.06117050104205955,0.04946969467859378,-0.0785553679404355
1.000000000000002,-0.15561881189370297,-0.06604208713064079,-0.0074162931180896405
1.000000000000002,0.1930417284104445,-0.026542504401483907,-0.0156308223684273
1.000000000000002,-0.11224301081552915,0.04478977091034109,-0.07882268909824994
1.000000000000002,-0.011272346072904943,-0.08583788330204693,0.0383112884641965
1.000000000000002,0.15079366964026533,0.03781284330538689,-0.060724967829907384
1.000000000000002,-0.19476417914267513,-0.007316429512211018,-0.01991290275845202
1.000000000000002,0.1544162385381975,-0.06041056670985006,0.009824592828565864
1.000000000000002,-0.0073846062835870585,0.06454351552309129,-0.07958130203050905
1.000000000000002,-0.11629337321012771,-0.07603779346497654,0.028457676332784617
1.000000000000002,0.19386906948061366,0.010735187522092089,-0.018296210245869984
1.000000000000002,-0.16679823369079033,0.03632425074071294,-0.0480665063500932
1.000000000000002,0.0584565512490895,-0.08654437185780323,0.03994380800880551
1.000000000000002,0.10105253486171398,0.06197407119713752,-0.06455025771042673
1.000000000000002,-0.1850588807837995,-0.03735105276787573,0.012861360895912548
1.000000000000002,0.19749284324214453,-0.03260520336305688,0.010201609248373104
1.000000000000002,-0.07378600361200459,0.0758153717249246,-0.06117773420944707
1.000000000000002,-0.04995037041745041,-0.08013972113867934,0.05571577268060203
1.000000000000002,0.1760267119507353,0.037160505277381656,-0.029312812657636102
1.000000000000002,-0.195675434001975,0.016632195670260946,-0.016981232712344772
1.000000000000002,0.12909306588366484,-0.0599072826544343,0.05058509793128694
1.000000000000002,0.029700905094185978,0.08234542504820368,-0.06075410090582077
1.000000000000002,-0.15274452316597176,-0.05267322528730259,0.043138682980539106
1.000000000000002,0.20107601650555296,-0.0032034308298228053,-0.002455277811684456
1.000000000000002,-0.14092741047828414,0.06328296207831878,-0.03389931200348575
1.000000000000002,0.01961772720767965,-0.06895218111480668,0.0679207989813814
1.000000000000002,0.14017400244504383,0.06583154376907456,-0.03508504887303214
1.000000000000002,-0.1982525892631245,-0.0006708999123546105,0.01495499571213841
1.000000000000002,0.17147988463838676,-0.033572545053619327,0.04033463506595427
1.000000000000002,-0.03688773649547544,0.09062543800471048,-0.0382869791804918
1.000000000000002,-0.08972593084733446,-0.05585760297402269,0.07022478976650623
1.000000000000002,0.19153287729031201,0.02758858076161124,0.009428444397926266
1.000000000000002,-0.17786940845254193,0.050510154885703866,-0.003666683470930732
1.000000000000002,0.08622326605390107,-0.05222133992487038,0.07524377833111623
1.000000000000002,0.07265689387506716,0.08864689788052149,-0.023910198861217154
1.000000000000002,-0.16874259381384904,-0.012279664653214192,0.05518593050850746
1.000000000000002,0.19078831855403242,0.0035449371377624748,0.032503245826867776
1.000000000000002,-0.09980793100063637,0.08500864311702286,-0.020158616601246477
1.000000000000002,-0.028266401216518685,-0.050398473925395315,0.09178919733385153
1.000000000000002,0.15326376745257334,0.06327185604948111,-0.003462299830372394
1.000000000000002,-0.18326815194385,0.032756249430538995,0.035291608011731215
1.000000000000002,0.13328203579437833,-0.022184429614008887,0.07714424437760448
1.000000000000002,0.0066388411362943165,0.09991207542040818,-0.025543695078613746
1.000000000000002,-0.1148269248240089,-0.020810810979957586,0.07550508629003666
1.000000000000002,0.17882422987819763,0.025869823982845153,0.029195070036377994
1.000000000000002,-0.13529859788163287,0.07262137955119813,0.011011781660767326
1.000000000000002,0.0418757974026624,-0.033384495225335764,0.08944069881256773
1.000000000000002,0.09580338095857255,0.09473112915741275,-0.006086990367346967
1.000000000000002,-0.1588197376354891,0.012236653216705431,0.058225217734818174
1.000000000000002,0.15161012150960346,-0.0010929612506818394,0.05979663797225673
1.000000000000002,-0.04889970742333326,0.10259796185088889,0.003920632448342173
1.000000000000002,-0.048438000725589285,-0.0184661854659256,0.09540022031689813
1.000000000000002,0.14409607645705158,0.06623222542977031,0.023533403176293884
1.000000000000002,-0.13299519763097406,0.06016696408457291,0.04098121750012888
1.000000000000002,0.08587104383872936,-0.014329966334835324,0.08385596047271572
1.000000000000002,0.03803100093587907,0.09579767527022016,0.010681559721735375
1.000000000000002,-0.11238793556526516,0.021438691493758797,0.08328279618404463
1.000000000000002,0.1492990426087339,0.036790980723865045,0.05861747594003172
1.000000000000002,-0.07634480739934094,0.08117153470211348,0.03883383516509119
1.000000000000002,0.006709582918862331,0.0024324226074810165,0.09861401400253708
1.000000000000002,0.08590058008021417,0.08146417356988112,0.035532729310535235
1.000000000000002,-0.1062448770240603,0.04864737305571674,0.06511467755312081
1.000000000000002,0.09100284065359235,0.04020196150207868,0.08259935605130074
1.000000000000002,-0.000856684209716669,0.09974550773184288,0.03625999065914382
1.000000000000002,-0.04206887605622495,0.03231569572593675,0.09529805005200462
1.000000000000002,0.08455808392931706,0.061960340931062924,0.05974680075441847
1.000000000000002,-0.05195885530440609,0.07393018026525273,0.07313971614098247
1.000000000000002,0.026626225194204812,0.03581568437384456,0.08957058280159119
1.000000000000002,0.022959749778097862,0.06478623127349023,0.06879873497675071
1.000000000000002,0.00396506087483577,0.04373425216405249,0.07814211810533957
1.000000000000002,-0.02789723006106544,-0.03149066942901994,0.004898564469664407
1.000000000000002,-0.0044197407485960715,-0.03925100224187524,0.0008486575201225984
1.000000000000002,-0.07830246186919777,-0.03743313566180501,0.013568237686808853
1.000000000000002,0.019533079062639826,-0.040960113053758344,0.010682087515476222
1.000000000000002,-0.04230724917370407,-0.04107389765918835,-0.005755831392796815
1.000000000000002,-0.07168300596861113,-0.0324794802639608,0.01594956303733961
1.000000000000002,0.05265661748789474,-0.027281987142630696,0.006985452066877838
1.000000000000002,-0.10858514810599407,-0.034885426375920105,-0.0013839721611860543
1.000000000000002,0.0033537473112157006,-0.026183365450811385,0.021334187043705585
1.000000000000002,0.010408767911080915,-0.03761670030870323,-0.020122068114630607
1.000000000000002,-0.12496785548402008,-0.02756631739092591,0.019010703327245044
1.000000000000002,0.07004557460173662,-0.024960277265069403,0.008507130841786094
1.000000000000002,-0.0861053030166104,-0.028288207115391047,-0.013950715318772915
1.000000000000002,-0.05508778121420034,-0.012610988977197772,0.027548290804841565
1.000000000000002,0.0633634750446253,-0.02570141559197249,-0.004513169550386383
1.000000000000002,-0.15156998409148667,-0.025044110954404133,0.006555128261976889
1.000000000000002,0.044123333229417645,-0.014838449318881156,0.029891457993552913
1.000000000000002,-0.024097123890554642,-0.023249469427499826,-0.012824855281485038
1.000000000000002,-0.12352321033076735,-0.015472263193594217,0.024396057375225804
1.000000000000002,0.09988748002082332,-0.019678281612865885,0.005566579034280104
1.000000000000002,-0.13782098938102555,-0.02190757237549063,-0.01339044991244283
1.000000000000002,-0.01496192329304502,-0.00756501909612534,0.03200952138273938
1.000000000000002,0.047932156815699394,-0.023783262067872322,-0.019437479634551825
1.000000000000002,-0.17123427971543942,-0.016448322340715592,0.011303261431878061
1.000000000000002,0.08882469542261674,-0.006735836817458405,0.012725119808316102
1.000000000000002,-0.07714827925001569,-0.020918353434629538,-0.021287019395344064
1.000000000000002,-0.0915364245358875,-0.011729761644377237,0.0348563757580986
1.000000000000002,0.10265911991218273,-0.017704394355961398,-0.007930024919324164
1.000000000000002,-0.17326446538942816,-0.022647290567068646,-0.012401350828399526
1.000000000000002,0.04240977773674654,-0.000648738490930059,0.03175295145473863
1.000000000000002,0.013742296755445842,-0.021494845265353855,-0.02324899668362713
1.000000000000002,-0.1664281954153941,0.0020047705026546977,0.021372632584255997
1.000000000000002,0.11658391801781075,-0.01063779942548151,0.0091635969790643
1.000000000000002,-0.129969050735843,-0.012404991308988441,-0.022582600075594858
1.000000000000002,-0.0400197336599346,-0.0034092724306264478,0.03650943551099747
1.000000000000002,0.08563939649990983,-0.010348089135301391,-0.016887848283530443
1.000000000000002,-0.1929733910624698,-0.008364607415547192,0.004854497739334568
1.000000000000002,0.08950974813869855,-0.0024299224460028663,0.01571882960741195
1.000000000000002,-0.04407881921722133,-0.023067025236818858,-0.029139353009147072
1.000000000000002,-0.13469158616604016,0.00011677166117676469,0.014601071802985281
1.000000000000002,0.12288597190849461,-0.0077154960192369,-0.0008903546222145125
1.000000000000002,-0.17159262103204964,-0.015424810572557353,-0.016609090633104336
1.000000000000002,0.01662654050525455,-0.0006568001736838365,0.03081603797401282
1.000000000000002,0.03798686614683663,-0.01682323042779561,-0.0329276964991186
1.000000000000002,-0.19062048532547682,0.0015428723922453083,0.009667959280661593
1.000000000000002,0.12152490327085877,-7.542982053508795e-05,0.005716872813540395
1.000000000000002,-0.10602585218764082,-0.0034700969391654435,-0.022188755177035863
1.000000000000002,-0.07890257050132632,0.012938020851041348,0.034278775917651966
1.000000000000002,0.1106177067145034,0.000583598227619171,-0.010619154438269881
1.000000000000002,-0.1935956331646369,-0.006731731032792116,-0.004940698922566889
1.000000000000002,0.0664101315111979,0.007270197670296481,0.023835046161001783
1.000000000000002,-0.010743619326200063,-0.008332545244804108,-0.03094140457562079
1.000000000000002,-0.15887050375629416,0.00850909224898692,0.02005108839373765
1.000000000000002,0.12952270749812936,-0.0012058966001813188,0.0005811133164413531
1.000000000000002,-0.1503415554041395,-0.006481180866761141,-0.014065089756803265
1.000000000000002,-0.01695349880995867,0.01668034075444371,0.021967430365174012
1.000000000000002,0.07381182534123663,0.003959272118471902,-0.026476084847397333
1.000000000000002,-0.19997094279436559,0.006053360107533904,-0.001686503597312925
1.000000000000002,0.10412736822865627,0.009472752646650543,0.020228658934329943
1.000000000000002,-0.06698770488980872,0.0007838023413790359,-0.031107996848417845
1.000000000000002,-0.1092623340881072,0.01653570739729235,0.02020655517367358
1.000000000000002,0.11719874427104149,-0.0005688344792805616,-0.010879206924195634
1.000000000000002,-0.17997405293552757,0.008839828040489807,-0.012877700293735276
1.000000000000002,0.03449402023294384,0.02093825547963858,0.020969819339203947
1.000000000000002,0.020375282338400972,0.0009800451393626598,-0.025851346931665742
1.000000000000002,-0.1748197451373129,0.008108322702937192,0.005065153825507596
1.000000000000002,0.11859241894117337,0.009741194954863423,0.0012814019522373308
1.000000000000002,-0.1184095843390241,-0.0036909852698246075,-0.018056019214036923
1.000000000000002,-0.05685408970823038,0.023307824659079074,0.022202441101340547
1.000000000000002,0.09363027360891368,0.006526063604431926,-0.01611486611641725
1.000000000000002,-0.190481422145338,0.01339332650964305,-0.007958274244112483
1.000000000000002,0.07179282265490368,0.017354717255706583,0.010305076907788056
1.000000000000002,-0.03014567513263875,0.009938234072259486,-0.02506192864178372
1.000000000000002,-0.14176346096842463,0.02476002652336224,0.01486297024665937
1.000000000000002,0.1148400559876873,0.015040209346359868,-0.010175299525630463
1.000000000000002,-0.1519433278056342,0.0119783967074206,-0.029686182214756638
1.000000000000002,-0.0021093861530655693,0.020317934900722995,0.02708474485835247
1.000000000000002,0.034989224406306516,0.02073998090108753,-0.030106850661246926
1.000000000000002,-0.16547193169840277,0.028421065085225353,0.005768230870092674
1.000000000000002,0.08796120389778449,0.022231607033182995,0.010208521811600079
1.000000000000002,-0.07747738501396718,0.015371252620866017,-0.03142501744310841
1.000000000000002,-0.07480124499869471,0.03692399314187448,0.02630910933321163
1.000000000000002,0.08222415844979018,0.024618851283670067,-0.015179155552994103
1.000000000000002,-0.1488225074517741,0.02149768194467724,-0.015324177901344226
1.000000000000002,0.02773830889370509,0.03603789931480878,0.016595877915021158
1.000000000000002,-0.006141101609205885,0.02494444968687264,-0.036124883232745646
1.000000000000002,-0.12266812098636419,0.03365243452449477,0.010871567396771371
1.000000000000002,0.07521050404546221,0.02373000254197352,-0.006962746072795933
1.000000000000002,-0.09442833570803676,0.02174317348407141,-0.025492169845443606
1.000000000000002,-0.027294989988733035,0.03883532790781308,0.017441981370290488
1.000000000000002,0.037578395506314324,0.029872654367882417,-0.019600203685902793
1.000000000000002,-0.1259653794003221,0.029077893244133315,-0.004216996339414156
1.000000000000002,0.037386712775668005,0.03916954591203546,0.010865460418317872
1.000000000000002,-0.041542900768942966,0.030417773073632037,-0.03012767818509189
1.000000000000002,-0.07029974879348375,0.03835474861201677,0.007317084175938595
1.000000000000002,0.03302736978793519,0.037307667282148876,-0.009491343162171572
1.000000000000002,-0.08099098756410315,0.03357805440359982,-0.010340811931868246
1.000000000000002,-0.016305676840352484,0.044729436253471165,-0.003069492673004037
1.000000000000002,-0.01453420551498742,0.03599809766449093,-0.015525991690560252
1.000000000000002,-0.025983649459201546,0.04365631209035294,-0.0035341334953337008
1.000000000000002,-0.09309591045415333,-0.11016453663203053,0.08356662959849524
1.000000000000002,-0.07481894610936314,-0.11769405980231848,0.06826201799153557
1.000000000000002,-0.12236403193168163,-0.10079178174702709,0.08353171831227237
1.000000000000002,-0.05705353046207759,-0.08974525792128926,0.10309159390702419
1.000000000000002,-0.09263483687707745,-0.14222089341386532,0.03693737318182592
1.000000000000002,-0.11499142103744926,-0.07043994648225206,0.11796185576750555
1.000000000000002,-0.03271424272633439,-0.10255464799417681,0.05454010433581119
1.000000000000002,-0.13858031944168223,-0.11818853162365127,0.049027864949515984
1.000000000000002,-0.06531505857794909,-0.04021572411939662,0.13357007153847997
1.000000000000002,-0.05875750163472183,-0.13303097757807822,0.008025464372670283
1.000000000000002,-0.14963223555873525,-0.06943424812772109,0.09737356116408467
1.000000000000002,-0.02089843108944625,-0.07489867242511752,0.08923137950300412
1.000000000000002,-0.12149788798252843,-0.13518816238195236,-0.00027809647553836945
1.000000000000002,-0.10584676946173781,-0.02974063632585577,0.13124020149050433
1.000000000000002,-0.01918121268986864,-0.10996067982583856,0.008545901274818406
1.000000000000002,-0.16923503646159424,-0.08313767045966104,0.04806771719042097
1.000000000000002,-0.03184160096921745,-0.029976747392972816,0.1178115846410831
1.000000000000002,-0.08679457286514476,-0.12509430354764245,-0.03759663235429747
1.000000000000002,-0.1505928072421956,-0.02577901543085321,0.11828015803942515
1.000000000000002,0.005676206374838816,-0.07075376017834306,0.03652466638377547
1.000000000000002,-0.16255066234207582,-0.11056956117702207,-0.008598277672687555
1.000000000000002,-0.07585202975383866,0.0014001366650315062,0.1446032916182303
1.000000000000002,-0.03060665536380378,-0.11575257896209322,-0.03438219503108772
1.000000000000002,-0.17845631139848694,-0.04541340130746413,0.05600014898274837
1.000000000000002,-0.0006912642482395942,-0.027781983462511785,0.07257911942193673
1.000000000000002,-0.12047587625023225,-0.12074200551260228,-0.04876621160068639
1.000000000000002,-0.13293277955870347,0.010132523644145254,0.1268928359776131
1.000000000000002,0.008286314182529612,-0.07337118849577381,-0.005467554067625439
1.000000000000002,-0.184389413102344,-0.06835343326619839,-0.0012346141551830192
1.000000000000002,-0.040447097540289745,0.010043289591713618,0.11893288672738352
1.000000000000002,-0.061453061727257195,-0.11126521715923306,-0.06285218485786334
1.000000000000002,-0.17532399971262758,0.00042774947536924776,0.08778015146656816
1.000000000000002,0.015347821965137471,-0.022444002116125336,0.03363956449444907
1.000000000000002,-0.15461042256678567,-0.09893060580846033,-0.06515658615968757
1.000000000000002,-0.09699063923539461,0.047770605150337285,0.12708017337137517
1.000000000000002,-0.00800841516811885,-0.08329009990848187,-0.046069805763570636
1.000000000000002,-0.1928310053814559,-0.024548942227554472,0.027335715131622605
1.000000000000002,-0.004240325244574153,0.02585128882486658,0.08676570043278709
1.000000000000002,-0.09356820760685199,-0.10707825210757513,-0.0855510845997859
1.000000000000002,-0.15385429522150548,0.03963899384153867,0.10625428727627023
1.000000000000002,0.019518316806111696,-0.018619817711476465,-0.015848842539411056
1.000000000000002,-0.1821499985648989,-0.062154802588554346,-0.04567793745467393
1.000000000000002,-0.052929493649840176,0.05578699348445234,0.11644091432851952
1.000000000000002,-0.02947870470997523,-0.0799756754351415,-0.08732093303000296
1.000000000000002,-0.20001042776114536,0.019087511284889808,0.045389364128854505
1.000000000000002,0.015664312437361112,0.021239453341190352,0.04090876660233581
1.000000000000002,-0.1401664108052968,-0.07868529389099764,-0.10191994630516105
1.000000000000002,-0.11831989240411867,0.07429597402622125,0.11503147279203758
1.000000000000002,0.010542366090999278,-0.0368835177103055,-0.05357890106627374
1.000000000000002,-0.2025157499530785,-0.02840427658197549,-0.019986525650599857
1.000000000000002,-0.02016338272696045,0.06265978404904407,0.07470997551429256
1.000000000000002,-0.06859288666974883,-0.07929201690303858,-0.11347812476451966
1.000000000000002,-0.1782415008395487,0.058357276577383654,0.06567541232618761
1.000000000000002,0.020826922507637943,-0.0036903208360524607,0.005748827090176979
1.000000000000002,-0.1692175940318619,-0.04957841142674712,-0.08238649958868074
1.000000000000002,-0.08230922155588086,0.09386738442100047,0.09263929373401503
1.000000000000002,-0.015048230253500413,-0.0367100597294509,-0.09241091435820868
1.000000000000002,-0.20462693092388473,0.02276789213033404,-0.0004274354092478839
1.000000000000002,0.004294458634541538,0.053854495254561034,0.047921005920439894
1.000000000000002,-0.11195226606839155,-0.062473532044203174,-0.12454535598396588
1.000000000000002,-0.1450297694587525,0.0857802127320906,0.06929290611066885
1.000000000000002,0.01748871599829493,0.004223331136066987,-0.04139118448296992
1.000000000000002,-0.18826860479629168,-0.009229090423967412,-0.06508600091473704
1.000000000000002,-0.043002532502512895,0.10071072499715211,0.07458008231491497
1.000000000000002,-0.04803966085609912,-0.035256050914604334,-0.12220706150058974
1.000000000000002,-0.1830749778247837,0.07138069039309629,0.03142402025666816
1.000000000000002,0.022846887774855745,0.048887540775886855,0.0071358807014247
1.000000000000002,-0.14323753084461371,-0.016930140632595948,-0.10909832215998296
1.000000000000002,-0.10845801922444404,0.10888567373018193,0.07409074533686359
1.000000000000002,0.0005766716531797825,0.001286754878645727,-0.08411299981393099
1.000000000000002,-0.1897480023627189,0.04448883921327525,-0.04746265242779811
1.000000000000002,-0.019759678659832133,0.08946079504082938,0.040245868341522044
1.000000000000002,-0.08852201752506644,-0.017008985573165446,-0.13841853731793644
1.000000000000002,-0.1564520509636502,0.10717186262294982,0.03161000856974629
1.000000000000002,0.01102651644677039,0.043282926020883836,-0.03421789113669996
1.000000000000002,-0.16717281835780592,0.014696080036652924,-0.10447012037976013
1.000000000000002,-0.07106247874622786,0.11872455406903118,0.05627440142626609
1.000000000000002,-0.03607218863222545,0.01053798597147632,-0.1174818629846652
1.000000000000002,-0.17728587413529873,0.07850224308093329,-0.021421986658274703
1.000000000000002,-0.008548551882220735,0.08765245557980496,-0.0026144211343162517
1.000000000000002,-0.11776708895495475,0.012385634800964196,-0.13039885496806417
1.000000000000002,-0.12401679058069605,0.13191808462571877,0.02947864455684974
1.000000000000002,-0.01086148708534409,0.04250704145428257,-0.0829831059899544
1.000000000000002,-0.16825894282837206,0.0579527226685601,-0.07640149315977221
1.000000000000002,-0.046477170433599696,0.12289829048218374,0.013858649130679098
1.000000000000002,-0.07017319910714986,0.024168525006282453,-0.13398436770985578
1.000000000000002,-0.15191788742870047,0.11016095300404274,-0.008201361414070562
1.000000000000002,-0.010860239441813982,0.08321910432940455,-0.04134884660685801
1.000000000000002,-0.132497700117419,0.048365335497512756,-0.12252615962551297
1.000000000000002,-0.08739116860699231,0.14182096205602127,0.0019915422410362238
1.000000000000002,-0.03717919032506361,0.06131400827487366,-0.11189563815850219
1.000000000000002,-0.15292569244357979,0.09053063182478628,-0.068229254213905
1.000000000000002,-0.03617103629094274,0.12099753799409907,-0.03388793322941335
1.000000000000002,-0.09655433076558673,0.05688804192311658,-0.12113254973873121
1.000000000000002,-0.11478785064378981,0.12505508834807813,-0.034287019824502565
1.000000000000002,-0.049477521247727856,0.08744447621433833,-0.0844481787766966
1.000000000000002,-0.11849767727812074,0.08733839924831528,-0.09639662041283577
1.000000000000002,-0.0830980815686606,0.12659838190051445,-0.05190190528065942
1.000000000000002,-0.07646743869263818,0.09479504876516799,-0.10294620549069546
1.000000000000002,-0.08816952904288608,0.10568905490830767,-0.08075478226417962
1.000000000000002,-0.12640315518752873,-0.1205663528619056,0.02814889443145806
1.000000000000002,-0.11669519982138697,-0.12064217069180447,0.006283395137738094
1.000000000000002,-0.1486860459909979,-0.11263640861568426,0.02432281204369103
1.000000000000002,-0.10400687886754853,-0.10522750639212178,0.053446766702551496
1.000000000000002,-0.143584146347985,-0.11802814378202377,-0.02409440776200093
1.000000000000002,-0.14250954555715023,-0.09265140792252274,0.0700712653847176
1.000000000000002,-0.09154445815667048,-0.09723433869739008,0.0005240989749725856
1.000000000000002,-0.16267203817737677,-0.11492535206459034,-0.010090505798545833
1.000000000000002,-0.1112814160790483,-0.08875845136299142,0.0806991270758959
1.000000000000002,-0.11063062309007175,-0.10765615019127928,-0.040128879308689275
1.000000000000002,-0.17591724086299795,-0.08735054011404479,0.05155595542618325
1.000000000000002,-0.0762647511757783,-0.08063892907729724,0.0390225346090448
1.000000000000002,-0.15066983452649776,-0.10985779067361354,-0.045728212122376384
1.000000000000002,-0.13840351354275882,-0.07003349038858545,0.0888426954797668
1.000000000000002,-0.08611782421394097,-0.09570697030538247,-0.024618315153859215
1.000000000000002,-0.1827147865235645,-0.08780640772528768,0.008503820224311077
1.000000000000002,-0.09308939734163968,-0.06903459837948675,0.08124982765001025
1.000000000000002,-0.12552466290226238,-0.09441581362275514,-0.08150356252716606
1.000000000000002,-0.17063353328738715,-0.06311375958978235,0.08713879013652652
1.000000000000002,-0.06551460418024077,-0.06434736057023262,0.006826343885800039
1.000000000000002,-0.1774414436697504,-0.0848899058095173,-0.04188837920424428
1.000000000000002,-0.11866697431635966,-0.04523456303956697,0.11173190345181443
1.000000000000002,-0.09468734346916731,-0.07883000740229731,-0.06621920695767247
1.000000000000002,-0.19014785595830017,-0.06428144351988115,0.036532953207348666
1.000000000000002,-0.07256608372451001,-0.04846841629607575,0.05587373788424272
1.000000000000002,-0.15025471152151937,-0.08725207239854071,-0.09050050054856436
1.000000000000002,-0.158029974812486,-0.03369332963454558,0.10858878694185718
1.000000000000002,-0.06539379991736093,-0.05201974855691333,-0.023258494722065527
1.000000000000002,-0.1945413887750897,-0.06078164750427725,-0.02846848065110729
1.000000000000002,-0.09489940980547286,-0.030281433630565947,0.10332582277474087
1.000000000000002,-0.1111266712312068,-0.07118417283738762,-0.09468608645681578
1.000000000000002,-0.1838482320078693,-0.03260114525536267,0.0731576710344629
1.000000000000002,-0.06358235200323922,-0.025574083284946293,0.020699292302550184
1.000000000000002,-0.16822700455693917,-0.05703371152884095,-0.07642349481416486
1.000000000000002,-0.1283704836650176,-0.010605316453106995,0.12082183835669115
1.000000000000002,-0.0796749163596101,-0.04579576595084902,-0.06231939951153814
1.000000000000002,-0.20018515857197508,-0.03743143508172278,0.0049600122189573555
1.000000000000002,-0.07502390367710611,-0.011303383066582698,0.07454399495617539
1.000000000000002,-0.1337999833723584,-0.056525874631473495,-0.10930277104889319
1.000000000000002,-0.17759034405317428,0.00028560971043398224,0.09909869548149129
1.000000000000002,-0.06312844198702684,-0.020029791310393875,-0.014481087919168252
1.000000000000002,-0.18801077991293721,-0.0329767746613022,-0.05976611552748215
1.000000000000002,-0.11028799095143643,0.008662340172065712,0.11538854639163522
1.000000000000002,-0.09689800475809338,-0.03661954183147473,-0.10012348663089757
1.000000000000002,-0.19711944391574568,-0.0009454576090364651,0.0424910168380953
1.000000000000002,-0.06132095568068144,0.0004714550159836765,0.035460707655748484
1.000000000000002,-0.16307286796416268,-0.03644644478355309,-0.09860892778240421
1.000000000000002,-0.1495681034695473,0.016780618612926852,0.11791728513395495
1.000000000000002,-0.06826802676695114,-0.013327810062660372,-0.06331474031085099
1.000000000000002,-0.2057742225087476,-0.008904641898956574,-0.021188608499144657
1.000000000000002,-0.08585359966930403,0.012065576240220656,0.09094771403153531
1.000000000000002,-0.11911073440774425,-0.02605171346174321,-0.11641708825508956
1.000000000000002,-0.1853533783939272,0.028083911626745426,0.07464081980678791
1.000000000000002,-0.05209478485069267,-0.00222473049025697,0.0064464178132196005
1.000000000000002,-0.18152551917982152,-0.008399948638182962,-0.08828263726913586
1.000000000000002,-0.12627921338570527,0.04253067969395907,0.11011988373678919
1.000000000000002,-0.08374437765122433,-0.008963200567613386,-0.08892339696161898
1.000000000000002,-0.19925707520579652,0.025189815475258844,0.01430075905360819
1.000000000000002,-0.06919279044144819,0.024881869150682773,0.06139938801222046
1.000000000000002,-0.1481077607404744,-0.003001747884887224,-0.11970251244122367
1.000000000000002,-0.16147624922414017,0.04030513767967924,0.09282920893698998
1.000000000000002,-0.060561147145747785,0.02555841113147873,-0.03801835802984813
1.000000000000002,-0.1979088291591851,0.017881710292974487,-0.060266179855881064
1.000000000000002,-0.1013780454078234,0.054934623659384424,0.10293520439198413
1.000000000000002,-0.10710820340111755,0.018568380584576945,-0.11799282405433496
1.000000000000002,-0.19142009377805402,0.05044360823946518,0.044616572216903884
1.000000000000002,-0.06644495976021446,0.03624156820904583,0.023278289619239827
1.000000000000002,-0.162838638857355,0.0265664203155796,-0.09844772485577745
1.000000000000002,-0.14341367118941886,0.06316136916836465,0.10470691972784152
1.000000000000002,-0.07566836462041361,0.026623416925419075,-0.06769621426537573
1.000000000000002,-0.19445170439086293,0.0508147491749123,-0.01918455565436623
1.000000000000002,-0.08810843060732666,0.06799925501235532,0.05877639396004906
1.000000000000002,-0.12604260227139083,0.03478772704894309,-0.10995454145547262
1.000000000000002,-0.17046222901245928,0.07398751749500555,0.0675007691205805
1.000000000000002,-0.062087316205281455,0.04868405620261338,-0.013901575605277113
1.000000000000002,-0.1803764455214248,0.048345487139415756,-0.07608122253492106
1.000000000000002,-0.11966056658742,0.07972773653989104,0.08719920927810865
1.000000000000002,-0.09625228863191058,0.04983324971790562,-0.09545829420464738
1.000000000000002,-0.1885931291583049,0.07847822809911127,0.009646843883096121
1.000000000000002,-0.07314987114876756,0.07867882620417187,0.022522297170944866
1.000000000000002,-0.14651583462196807,0.05635015393119675,-0.1074419632748007
1.000000000000002,-0.14804308433839453,0.09629653026133136,0.067995972891671
1.000000000000002,-0.08246514012231966,0.07054244473955468,-0.05129928867081574
1.000000000000002,-0.17810393059067614,0.07751916178509119,-0.044094998227468624
1.000000000000002,-0.10173060633385089,0.09732662547456196,0.05396616435152515
1.000000000000002,-0.12039351687505292,0.0697233009715534,-0.102187084949173
1.000000000000002,-0.16521530094411244,0.09746526072165075,0.02347404398131562
1.000000000000002,-0.08385625804407959,0.08954189843359028,-0.01112244574470481
1.000000000000002,-0.16041517573317257,0.0785562715315445,-0.07657969532563279
1.000000000000002,-0.13321240914202376,0.10739441597690934,0.05761650764966323
1.000000000000002,-0.09918140301810387,0.07997301725892514,-0.07132346386372225
1.000000000000002,-0.16687340258197203,0.1037044563237487,-0.014172570372648591
1.000000000000002,-0.09569987507988148,0.09997530054978328,0.021191568027886583
1.000000000000002,-0.13660340095139978,0.0968597124889845,-0.08215048732653303
1.000000000000002,-0.1468157645219956,0.12122894281719346,0.02233160370495023
1.000000000000002,-0.10012582261293346,0.10542681366183754,-0.035890941430406366
1.000000000000002,-0.15114898929565265,0.11286725985533466,-0.04356889889053488
1.000000000000002,-0.11921409457626124,0.1162312914111431,0.005073539369649757
1.000000000000002,-0.12370869184445898,0.11008180521053695,-0.054590390997816415
1.000000000000002,-0.13323642501545963,0.11525782535494897,-0.0269963638560953
1.000000000000002,-0.15621891776782568,-0.045016226615704924,-0.020113019886161466
1.000000000000002,-0.14842127938562422,-0.03638121817826454,-0.027430633167849515
1.000000000000002,-0.16887130343017684,-0.03706287430694333,-0.01408019134541055
1.000000000000002,-0.14289673189867685,-0.04280308526591795,-0.003658702500932766
1.000000000000002,-0.15752337527363794,-0.043102555658917054,-0.031789188461026456
1.000000000000002,-0.1607156845816515,-0.044179506258543014,-0.0023027655271332173
1.000000000000002,-0.12858338811190156,-0.03878660180895462,-0.014131145579281293
1.000000000000002,-0.18108074845759273,-0.03849422793364496,-0.013200873362911312
1.000000000000002,-0.14036063857701137,-0.0447714942378856,0.01391396329471982
1.000000000000002,-0.1453051487254902,-0.02690247514780291,-0.03128004418768059
1.000000000000002,-0.1807894746706961,-0.03818244376993881,0.0005085827242776322
1.000000000000002,-0.12547764361959496,-0.04102188662952842,0.00028938898425064964
1.000000000000002,-0.16631064778192592,-0.025650868580583106,-0.042584747305388616
1.000000000000002,-0.15979504045060308,-0.0419496717829799,0.024851881585083533
1.000000000000002,-0.11960534641426611,-0.03190379825101525,-0.025295461659925467
1.000000000000002,-0.1866042125968887,-0.029947934855911306,-0.013334314404237026
1.000000000000002,-0.13049248083106893,-0.036655635563064455,0.018468383051916955
1.000000000000002,-0.15033328045408934,-0.02572166747392896,-0.04340674562620429
1.000000000000002,-0.17898946748859293,-0.030594293653283495,0.019107138072943116
1.000000000000002,-0.11218749107082088,-0.025287041958122883,-0.007791204334106096
1.000000000000002,-0.18590029753965764,-0.02073325575811722,-0.035061070832111074
1.000000000000002,-0.1489448586510254,-0.03945352630480268,0.02680020631409762
1.000000000000002,-0.13304389770084002,-0.017160089884052293,-0.03741498424975561
1.000000000000002,-0.1919437498531662,-0.02629459763250705,0.008732472673133271
1.000000000000002,-0.11665307076147192,-0.023303048691164504,0.013693305010738867
1.000000000000002,-0.16914941410317796,-0.018314907860500045,-0.04600878886770704
1.000000000000002,-0.17345671700515916,-0.027039059855990914,0.039486406830226445
1.000000000000002,-0.11063725428975181,-0.01295588727438486,-0.027148322837838725
1.000000000000002,-0.1958092718921236,-0.014978812730408542,-0.026731963615063414
1.000000000000002,-0.13562936409009013,-0.02491828093414768,0.03747575005242784
1.000000000000002,-0.137432161182633,-0.009642739003471327,-0.04184537816150387
1.000000000000002,-0.19101969371994332,-0.01651005819954954,0.029040689110149197
1.000000000000002,-0.1096237078269429,-0.01652512481057246,0.0036354777088290317
1.000000000000002,-0.17993558594982434,-0.012495910972322164,-0.041516633226609374
1.000000000000002,-0.15936416311581084,-0.02056542786508505,0.04204911215960495
1.000000000000002,-0.11881727947064494,-0.004829808105650155,-0.03028246849784384
1.000000000000002,-0.2033378041809169,-0.02135051566021169,-0.00464576647036334
1.000000000000002,-0.11316904545759511,-0.018050151661364488,0.03077316774804351
1.000000000000002,-0.15430079124109772,-0.0030855028035015205,-0.045744226471874545
1.000000000000002,-0.1798645990351153,-0.02055934036569061,0.04364256018172391
1.000000000000002,-0.10725245210069295,-0.0005204057631843489,-0.00839002737158528
1.000000000000002,-0.19820880543472094,-0.009034262283576457,-0.02910231902715862
1.000000000000002,-0.1384254072707337,-0.020270635513782477,0.046184953921163535
1.000000000000002,-0.1272154777026868,-0.0015825458715643147,-0.0425943456763575
1.000000000000002,-0.2017430272043391,-0.01116740018316859,0.01887175073517943
1.000000000000002,-0.10916819269508563,-0.014078284781546631,0.021791736267329765
1.000000000000002,-0.173343089462273,0.0031582736624689188,-0.049733489811888715
1.000000000000002,-0.16664494084657047,-0.0046019820285566025,0.05479316649069328
1.000000000000002,-0.11357118823054262,0.004622892011107596,-0.027704395982978924
1.000000000000002,-0.20107444634702012,0.006244504591705873,-0.010407768516482159
1.000000000000002,-0.12905460565799046,-0.007861003621832929,0.03907636524434212
1.000000000000002,-0.14860578514460468,0.011896899675213376,-0.049208867034148285
1.000000000000002,-0.1885996536878751,-0.003518799801234409,0.03326168011379128
1.000000000000002,-0.10470665017399435,0.0015718677277303608,-0.0007103217337248248
1.000000000000002,-0.1863508433767748,0.008736579490482066,-0.043077861122750125
1.000000000000002,-0.14889486715617178,-0.0038679468478751986,0.05623766424931633
1.000000000000002,-0.12804818189135583,0.0169882468871519,-0.037646986249505944
1.000000000000002,-0.19936680636746296,0.0046044240912268474,0.009885011495439194
1.000000000000002,-0.11781260853588216,-0.0017186151704476022,0.015262684442194061
1.000000000000002,-0.16102978551198863,0.01944783133239906,-0.041695747287239515
1.000000000000002,-0.17985162544390088,0.004974898978533737,0.04059127059760673
1.000000000000002,-0.10680737320908854,0.017696214902615342,-0.009472711065407594
1.000000000000002,-0.19793682576413646,0.01349357474605268,-0.01670656156300281
1.000000000000002,-0.13715806085437784,0.006482419582025546,0.041138767323750894
1.000000000000002,-0.13408732953135147,0.022988254440404882,-0.044317377171621194
1.000000000000002,-0.19510877356384534,0.011023008306252035,0.02447056473039783
1.000000000000002,-0.10870176568215917,0.024082033265340048,0.010641027725594025
1.000000000000002,-0.1823282187484677,0.025709929637899743,-0.03884060986274732
1.000000000000002,-0.15865370136711002,0.010383264298148004,0.05171342475239177
1.000000000000002,-0.11713601940918267,0.024884051706540698,-0.023116746493535224
1.000000000000002,-0.19392174051567324,0.017613451435294993,-0.001349262910997386
1.000000000000002,-0.12101217639766108,0.010651294488344999,0.028846661451406137
1.000000000000002,-0.1553083663343391,0.0355229795040857,-0.03811912777952357
1.000000000000002,-0.18661177253285222,0.015876997851116778,0.03250045449819653
1.000000000000002,-0.1111855314739502,0.016152860556271676,0.005756648324654903
1.000000000000002,-0.18536127797567697,0.033672174851818906,-0.02072990658750666
1.000000000000002,-0.14538055457821117,0.020089074716663827,0.04720169857460362
1.000000000000002,-0.13506238765123804,0.03673881729348267,-0.028591752732107116
1.000000000000002,-0.1928805052103825,0.02556557694423435,0.0199756689640057
1.000000000000002,-0.12123921199833718,0.021561238395045354,0.01906136748190818
1.000000000000002,-0.16558870050768637,0.0297918587632782,-0.03235194208076526
1.000000000000002,-0.16131880805319646,0.018761391853548016,0.0374581840017074
1.000000000000002,-0.11941946329752162,0.02933396567551425,-0.0035816072148923015
1.000000000000002,-0.1843702366387764,0.01986671521671431,-0.00186781399334169
1.000000000000002,-0.13636164607618217,0.023735197332859836,0.03904400388409303
1.000000000000002,-0.14456961766824394,0.03732613547112003,-0.02146372316576805
1.000000000000002,-0.1840095243781622,0.02890300529254933,0.02267327674003311
1.000000000000002,-0.11994663671482797,0.03421075148899591,0.01034731058266084
1.000000000000002,-0.1753319054987809,0.03631309148422924,-0.011828747600818265
1.000000000000002,-0.15402844757428671,0.030840384151213505,0.0360536828397441
1.000000000000002,-0.13228547306259753,0.03997237990002341,-0.006300580341991908
1.000000000000002,-0.18047152762230173,0.039483626389810615,0.010317041953768511
1.000000000000002,-0.13590526537120953,0.0345138064382901,0.02535369513260135
1.000000000000002,-0.16387208453272184,0.048223319245058356,-0.008483282101846342
1.000000000000002,-0.16426674913160286,0.043494374611069406,0.027374454217040017
1.000000000000002,-0.1406700154005754,0.043045364788223836,0.005243735326006299
1.000000000000002,-0.1623691903678127,0.03972323688948001,0.00477772046118826
1.000000000000002,-0.15513560903934065,0.04548351863578116,0.02118334288975202
1.000000000000002,-0.14607045652020936,0.046127021809268934,-0.0005126589855466117
1.000000000000002,-0.15103839253956566,0.04429894080560985,0.011098000423959113
