0.513905669248519,-0.8044326131202537,-0.3334627554708547,-0.12371860936184467
0.5139131285696692,-0.8043700563465824,-0.3336576033206063,-0.12385420694672535
0.5139060028669367,-0.8043768458335575,-0.3336219986971478,-0.12391836179929376
0.5118122284590629,-0.8580639606840955,0.06477610417874176,-0.1478170639900014
0.5176954537078194,-0.8164567215041899,0.01567382381900259,-0.29299807436859965
0.511807771906841,-0.8567639507566388,0.0627554595088408,-0.15396567082095597
0.5121992895801154,-0.8047923689195946,-0.09679447912485203,-0.3302909113309576
0.5196636198901916,-0.776502285432088,-0.1811353992547865,-0.35110521385812293
0.5122169884027796,-0.8040125688178922,-0.10082335872129365,-0.3314943675217871
0.5133436811786573,-0.7974030645462652,-0.2700157271574467,-0.2225712808149305
0.5162380655100169,-0.8133311143920894,0.0985114883274027,0.2954496433746847
0.5126408313198851,-0.7979323997974758,0.046986276478479465,0.34970361926906746
0.5136484538537479,-0.7603282525644895,-0.04071893362319862,0.43625217605403394
0.5117675409580601,-0.7736662540401709,-0.015541381748195492,0.41270161540369055
0.5101321754875373,-0.7897988851739273,-0.004689514724242007,0.3752757383427041
0.5200019046307588,-0.7623586673187055,-0.24035292444768538,0.3398565780744216
0.5160824612919418,-0.7390017410328661,0.35941098834886165,-0.29430285319768973
0.5107694231654096,-0.7843116993767961,0.30823141510302204,-0.2133875856343185
0.5088423076600345,-0.7720294988566578,0.29195906709908065,-0.2814302963379342
0.5080473501466641,-0.7848831185635486,0.28381674088570347,-0.24872313390230885
0.5166899353898656,-0.7421569128413406,0.18254008219315848,-0.42189706367632623
0.5175670133160103,-0.741792246776483,0.16449278920456314,-0.4320043317130908
0.5116212474467864,-0.8573784471924362,0.06554303708003001,-0.15080662472845713
0.5159448619450769,-0.733899963249503,0.35239806539914054,-0.31847286834984434
0.5155018545830288,-0.7358723487263229,0.3544628500366436,-0.3128663467729356
0.5204726728845118,-0.7548107481223274,-0.19190350785520682,-0.3866774134480574
0.5120327708485799,-0.8038153675615981,-0.09893242710336593,-0.3325787216875195
0.5161230730085458,-0.7117789287918256,0.14293833710319304,-0.4903389086603424
0.5165582596764371,-0.732863712373361,0.15766900065507805,-0.4514527050210654
0.5127048238993096,-0.7099279266079284,0.10885980904213428,-0.5050021836927268
0.5180651530603998,-0.6718493053810033,-0.04672987397039526,-0.5487255270071402
0.5136763105881612,-0.7240065707142452,-0.12471063178064862,-0.46875369444140697
0.5092527694161493,-0.7582402150605253,-0.07504877579909557,-0.42511277521960655
0.5120053699973637,-0.7082052698192566,0.09503182676313496,-0.5101905018712662
0.5199713423358897,-0.6605878512225606,-0.5078936897562444,-0.22879950461668844
0.513790436128101,-0.8017588510998206,-0.3391458630503687,-0.12408374805094764
0.5135214184304696,-0.8029360474849424,-0.33574218173505077,-0.12680118385588038
0.5129990839203882,-0.638069946871583,-0.46175093843975207,-0.3768955875615185
0.5109036965492577,-0.7910128948997083,-0.32117013529870636,-0.1874842217315866
0.515546666540603,-0.620838118595349,-0.4361794475551041,-0.4375617938318707
0.518368897155053,-0.589733449283612,-0.39587713493453636,0.49611642456441607
0.512752437235546,-0.7000047512051375,-0.30920341653900363,0.41037729861629074
0.5122731383844065,-0.5810150662568475,-0.558055820939147,0.33701092059112325
0.5121091745721995,-0.5834772404573518,-0.5570363172434243,0.3341184831691276
0.5062716798506773,-0.7323578670326603,-0.4094808283822782,0.24889704537023222
0.5060654235382234,-0.7287602199416272,-0.41063803550223976,0.25555115324977373
0.5090975334635858,-0.5637135621455794,0.6377943826213442,0.2079642469495671
0.5108739730955733,-0.6702579550451795,0.5411971708881085,0.13338221108199608
0.5046539877099508,-0.5985239298002947,0.5904308076172067,0.2382011668057756
0.5063675250098175,-0.5574913243223024,0.6351746099867537,0.240864315552109
0.5092348448942853,-0.6337299671541015,0.4425830979677189,0.39833818160570794
0.5135790604340664,-0.5446739129712356,0.5283846232412501,0.42089974534303387
0.5119492566207867,-0.518391721246262,0.6063788973925377,0.3493982234774834
0.5147780455608801,-0.5761097053404967,-0.08965862084293942,-0.6431966724528148
0.5146087274458488,-0.6115652411903434,-0.4400842546586639,-0.4485017931140579
0.5135443085698328,-0.6051699534848205,-0.4336829841584898,-0.4612351831219018
0.5128001786214201,-0.4703249011164292,-0.305070010166136,-0.6681464140747521
0.5112434122164714,-0.4809288005123423,-0.31471052897079244,-0.6564588842180865
0.5042420050234695,-0.592482843126271,-0.2643671673387458,-0.575846117179898
0.5092252331320577,-0.53952888367005,-0.1765448904767148,-0.6594720806593993
0.5048120762045815,-0.5556236589121915,-0.25078426204784776,-0.6206842546792667
0.5081018878157174,-0.5147851337992083,0.6894382933131121,0.13219539439937433
0.509965143310849,-0.46497184200403735,0.7349564237520428,0.05886438426610407
0.5073207502124479,-0.48061781179176144,0.7289792462793151,0.026758607548715563
0.5079791143045674,-0.5285769710012889,0.6912187606858667,-0.09323187218367265
0.5105365793988287,-0.39833206835461715,0.09576265524074788,-0.7733175200419512
0.5057841458761514,-0.5055058185886343,-0.008530156952377906,-0.71047316338751
0.5049232809327441,-0.6235163150508377,0.1287217109871554,-0.5922375785842475
0.5114855698855215,-0.7055102701446276,0.1011585526273768,-0.5126942327381593
0.5105797901218879,-0.5274116928512671,0.3026721091275187,-0.6329460863729822
0.5123198110770099,-0.44410434707610114,0.2710691995996419,-0.7037125406273419
0.5120262900296827,-0.468812634842471,-0.16742938623515086,0.7167913513881233
0.5121158927486762,-0.3791486680175553,0.07886079632974363,0.7764700076153902
0.5071963753518292,-0.4797678023146143,0.17969292779566473,0.7041212724479995
0.5068226290043211,-0.6132833555237577,0.16447085344380208,0.6008588755885222
0.502778435268596,-0.532446589922636,0.1306993803918706,0.6746335283804062
0.5044626263963843,-0.4474035837330938,-0.09119187487138465,0.7470482160894579
0.5039354563749475,-0.45611027456862263,-0.08807312501283543,0.7412499364513152
0.507850462430979,-0.373673259063508,-0.4810153229171681,0.6270673659245515
0.505538107694313,-0.4063979273474413,-0.46787051244603983,0.6195598897894394
0.5069691282980163,-0.4502847359583046,-0.4441008445111355,0.6025555827905866
0.5036311825990856,-0.4189116619910985,-0.47781286142314733,0.6026919867343923
0.5023896145082034,-0.41362606771015664,-0.5035750167567955,0.5818001598167911
0.5072826607292811,-0.31648989948018613,-0.5714368713149848,0.5771127465689356
0.5074902178181635,-0.314185849203805,-0.574582039243523,0.5749602501284596
0.5135143401668073,-0.4132065757314634,-0.6902121285396461,0.334051681511557
0.5070727592962568,-0.5264126262661882,-0.598720540679907,0.35600313780834336
0.5128198304504459,-0.44016215877776776,-0.3133092435524363,-0.6825009930917163
0.5072378096305384,-0.39979463927239106,-0.3697027082547663,-0.6776805997505342
0.511927916842098,-0.2538911630249824,-0.5314154793104661,-0.6316765726754399
0.5041981573206988,-0.34951159841794394,-0.43331995730527845,-0.6671778899228884
0.5123221043761349,-0.2586927137299888,-0.5706768622998488,-0.5938872264434633
0.5054166868376097,-0.38230116060382213,-0.6182170297169546,-0.48364158517180933
0.503360866864145,-0.40678679038348564,-0.5887795027370294,-0.4965995366056502
0.5120066801787317,-0.3098978822034218,0.06004722460116928,-0.8107937291663071
0.5087105844731264,-0.3775742355587848,0.08708654213649816,-0.7863503582641043
0.5024112604830103,-0.4127830031010725,0.0030089896524304787,-0.7671898744895377
0.5038585579109516,-0.49196325149348874,-0.021910796135939176,-0.7192060549426551
0.5076400234069118,-0.22817483024439594,-0.15129310586627942,-0.8285785505280595
0.5063006554748095,-0.2412047264499121,-0.1611746125831375,-0.8228818301686076
0.5091637594167031,-0.20720861635021492,0.7461920757065547,0.4033975824459034
0.5036942919868898,-0.4266424415561141,0.6602645878766404,0.3719483514152366
0.5013842223283758,-0.42880092692690636,0.6732413908405428,0.34419336998705113
0.5084481537548762,-0.19944644475140724,0.7548007259231373,0.3934518481730416
0.5051019062187723,-0.5464002168177071,0.6432113787828738,0.24067987417648914
0.5093289607966652,-0.275235459040383,0.821109411644803,0.08282781178608162
0.508360133309916,-0.296667098956893,0.8133808447222036,0.08036996026476609
0.5076246450995655,-0.2719069500797021,0.8201543979584358,0.10055369333657622
0.5017651923394107,-0.2284739190330568,0.7884461493061622,0.2916943831967795
0.5035543207382339,-0.21635653710667774,0.7755767926202666,0.3366259720463164
0.5012278085699416,-0.23524698538927388,0.7795474251342749,0.31134602658053717
0.5049110869902661,-0.176333932768606,0.6358292937707609,0.5710169855554524
0.5020011742168509,-0.24497516826831106,0.5797159314905405,0.6001402683863348
0.5069209743776806,-0.3854864871189316,0.44745175047047897,0.6486887114774178
0.49941113545518945,-0.40115671409059395,0.5058198604382314,0.589337059851986
0.49839584093315037,-0.3886100450022431,0.5228563526870827,0.5803728093384048
0.5107813499957145,-0.22084385201721998,0.8356270985907831,0.03603140839716984
0.5105086393181959,-0.2124629009445632,0.8353496365048326,0.00265683420201217
0.5032993761828662,-0.2753305610858763,0.7905614193191084,-0.23469434669667674
0.5002690096462242,-0.4520416568439035,0.7454818327647299,-0.04264966122406715
0.4997760038920595,-0.44071715485621105,0.7509396760202374,-0.04535190788250716
0.5028042527213712,-0.2865886327784941,0.7865714941731411,-0.23525808879702617
0.5089583880289539,-0.148932127386999,-0.2661006493040309,0.8099881605146934
0.5085603488246415,-0.06494615896990719,-0.08397857900700195,0.8605072618277518
0.5039161188388881,-0.24466499923627108,0.061115105585847984,0.8312463080657215
0.5024899734830272,-0.4199180835409176,-0.09931680422192067,0.7582025647165394
0.5043301354302241,-0.14240129972385768,-0.18290875641634968,-0.84369062426008
0.5040318688488107,-0.1526226270444369,-0.17946658985273994,-0.8430905716248419
0.502176004494172,-0.2043023551663657,-0.1926866104693699,-0.8261237092732283
0.5057011159412342,-0.02211140308285962,-0.41176832857663803,-0.7650584517819807
0.5017291308156784,-0.12272416841784232,-0.4691055508428741,-0.7176495018276084
0.49757338005332236,-0.27591815272096787,-0.3898178730353281,-0.7212576960922961
0.5011268302072241,-0.3386427463625707,-0.4070876097131638,-0.6887143570543639
0.5012538562698013,-0.09054717244788418,-0.6417108076331938,0.5819065750005947
0.49972547506491577,-0.12713967079234725,-0.6341280579308262,0.5837430941042714
0.5069154157314198,-0.3057416359237484,-0.5775695012991582,0.575618347970526
0.49811759712863307,-0.1779617855893786,-0.6437637041248991,0.5530933772931508
0.5073262712448556,-0.05264798840674356,-0.8254231586223615,0.29049385716614534
0.5071508666497565,0.003697684685391527,-0.7380411321798936,0.45074198699316964
0.4996959834396804,-0.20937901455201063,-0.750482916896257,0.3682640884440571
0.5031450700527369,0.08466708795635708,-0.4133437949258443,0.7635690925674731
0.5017472591588236,-0.08479516778717282,-0.3106131659262256,0.8061002420920018
0.4997736594124728,-0.26942433399224475,-0.3522374107746141,0.749396588717266
0.4953016839910281,-0.16672611817614538,-0.3706788997015603,0.7643017694585639
0.5010145795616393,0.09489119718670386,-0.4616649101276067,0.7370646318679082
0.4964540001762136,-0.059148360422438116,-0.6165084900519215,0.614452664852593
0.49790826194649157,0.06283612998791849,-0.49628212402787597,0.7143935446834384
0.492541731469921,-0.030730048886067618,-0.5269470745617251,0.6882151734475992
0.49613405439366803,-0.06173608643190984,-0.6148729981762687,0.6157654547359732
0.5017772386399244,-0.11730616694214377,0.47549241203234316,-0.725672694067681
0.5074582685300798,0.030730048886067077,0.5269470745617256,-0.6882151734475987
0.5020917380535093,-0.06283612998791738,0.49628212402787697,-0.7143935446834375
0.5038659456063328,0.06173608643190908,0.6148729981762681,-0.6157654547359737
0.5035459998237872,0.05914836042243726,0.6165084900519211,-0.6144526648525934
0.5041250802529652,-0.14234721318261262,0.7107688849346565,-0.4826566194916396
0.49890177499277677,-0.07468608718454284,0.8584136767929038,0.09149708016777665
0.5028155389662311,0.05429063142988491,0.8538235400804147,0.137040820318867
0.4992873091769047,-0.005180746411606752,0.858896905835451,0.11644779613244506
0.49753764245137855,-0.1837817479941877,0.8308872880455956,0.16757309655258573
0.49760862325094574,-0.022136075131058218,0.8568226960467701,0.12989779178536912
0.49667214320980685,-0.07661010124049783,0.8556608624801963,0.11816332387668939
0.5001261169946847,0.03873768573620954,0.8459052275100835,0.18239208032337564
0.5060692799955412,-0.024514000672067392,0.7861713832544955,0.3569874179281223
0.5059238894416419,-0.17417619951986027,0.7628203072844424,0.38973673065170455
0.5007506368325921,0.06545603911938651,0.8513979599891541,-0.11236184477647726
0.4996315039806324,-0.062106682320966444,0.8535800262427797,-0.060529692950534744
0.492039249133874,-0.04827016880964576,0.8344220929814463,-0.21421819457430202
0.49424497591430094,0.06725988573333891,0.8258027314239225,-0.2820441434670777
0.49268916738980156,0.053119432990388495,0.8254920412545934,-0.29024328952996387
0.49267372875514515,0.05264798840674386,0.8254231586223617,-0.29049385716614506
0.49180389082478326,0.04580733566682174,0.8302109205484871,-0.2728053056245871
0.4926478304167781,0.05275335191348587,0.8255479685293743,-0.2901713607875659
0.4940707663315635,0.06705333247359314,0.8349508207467861,-0.2415025147426052
0.503327856790194,0.07661010124050184,-0.8556608624801953,-0.11816332387669116
0.5010982250072236,0.07468608718454675,-0.858413676792903,-0.091497080167774
0.5079607508661265,0.0482701688096512,-0.8344220929814454,0.2142181945743018
0.5003684960193682,0.062106682320971475,-0.853580026242779,0.060529692950532676
0.4992493631674084,-0.0654560391193871,-0.8513979599891534,0.112361844776477
0.5023002636535405,0.13113858545240462,0.7034042642327978,0.48482050214471784
0.49862495584439764,0.056597592666511855,0.7516087014889302,0.42778128840261953
0.4957899841954851,-0.0804464899246707,0.7132685396450009,0.4895685884404585
0.4953210835833033,0.023487501226734337,0.7259081405336972,0.4735326149684236
0.4996119480520563,0.10385947084937863,0.6831801848081099,0.5210805876688323
0.49928971635395764,0.20574195244445626,-0.2378476283577282,0.8162729147733724
0.5019905013995346,0.009269094640382282,-0.08832164915179833,0.8669181017444776
0.49512904344375325,0.14996756080497983,-0.19620471472071135,0.8392532229162921
0.4932290930391561,0.125786378590856,-0.21486889803067727,0.8384159356377134
0.4937295731685115,0.05771608829886216,-0.1967377437768407,0.8466806810970903
0.4962148010376739,0.1676218420203275,-0.2977546303921152,0.805986337428124
0.5018824028713678,0.17796178558937878,0.6437637041248992,-0.5530933772931509
0.5002745249350851,0.127139670792348,0.6341280579308263,-0.583743094104271
0.4987461437301994,0.09054717244788432,0.6417108076331944,-0.5819065750005938
0.5003040165603203,0.20937901455201077,0.7504829168962571,-0.36826408844405695
0.49426508536063024,0.08941703045549293,0.8156258265605141,-0.2959248045467392
0.49284913335024416,-0.0036976846853913445,0.7380411321798936,-0.45074198699316953
0.4958749197470356,0.14234721318261143,-0.7107688849346567,0.4826566194916398
0.4974751447565805,0.2722412565455691,-0.6669739995848477,0.5014452649975294
0.49646985282334327,0.25649115801169087,-0.6735010792741433,0.4999080766341251
0.49663950521712075,0.27270964463334063,-0.6598443708482461,0.5108357026528346
0.4979705466070239,0.2721842385016087,-0.5552807579839204,0.6162706150996157
0.49771441730074933,0.26811579754883397,-0.5534022523407243,0.6195680111486127
0.4982227613600765,0.11730616694214245,-0.475492412032343,0.7256726940676814
0.4976406983047993,0.27235206144088164,-0.5614295722223672,0.6106683882913926
0.49719574727862953,0.2865886327784931,-0.7865714941731414,0.23525808879702592
0.4967006238171344,0.2753305610858761,-0.7905614193191086,0.2346943466966766
0.4992028235907944,0.3207625032455178,-0.6810801798537094,0.4376073360771047
0.49430416017999784,0.2946140157143946,-0.7726137179273594,0.2733181690516597
0.493678895604489,0.28407394190976964,-0.7757952462136916,0.2746673867528732
0.4898714232007936,0.18222777586699807,-0.7507106628220678,0.3995954592059679
0.49106039913576555,0.18550349343096925,-0.7248692807436701,0.4489868895198937
0.5003723797081251,0.31924766988161485,0.6717983367722228,0.4444726086270511
0.4998815366100525,0.2803318328156163,0.8234624718034346,0.07133867863477636
0.4977193249356158,0.29993588238530833,0.8142262330548432,0.09258152795484771
0.4980237937218473,0.39407112238108294,0.748110978672623,0.19988003825324174
0.4909620396724547,0.37451622473130375,0.7335941997342674,0.28713204367768375
0.48967042449055864,0.15262299397350756,0.799535836852094,0.27606839807587275
0.4877362763426994,0.2907577687163573,0.7804934506701737,0.2379110643536056
0.49237535490043527,0.2719069500797031,-0.8201543979584359,-0.10055369333657388
0.5002239961079412,0.4407171548562097,-0.750939676020238,0.0453519078825072
0.49163986669008475,0.29666709895689086,-0.8133808447222047,-0.08036996026476648
0.4906710392033356,0.2752354590403835,-0.8211094116448028,-0.08282781178608167
0.4894913606818049,0.21246290094456347,-0.8353496365048326,-0.002656834202012924
0.48921865000428644,0.22084385201721984,-0.8356270985907832,-0.03603140839716903
0.4988731697927766,0.3386427463625703,0.4070876097131638,0.688714357054364
0.4958018426793019,0.34951159841794366,0.4333199573052787,0.6671778899228883
0.4966391331358558,0.4067867903834853,0.5887795027370295,0.4965995366056501
0.49458331316239107,0.38230116060382235,0.6182170297169548,0.48364158517180944
0.4880720831579028,0.25389116302498177,0.5314154793104663,0.63167657267544
0.48767789562386576,0.2586927137299882,0.5706768622998498,0.5938872264434629
0.4959001331873716,0.4547837969197673,0.7067785211616107,-0.24135176287114649
0.4934662132454177,0.4352070385886836,0.7146891566099196,-0.2541523017534768
0.49400234591860237,0.3036225546776193,0.741022409013913,-0.323955713006098
0.4930345485555933,0.4359212866485443,0.736851476678567,-0.15420602183916296
0.4964843017637322,0.4612394914460499,0.7135929517110081,-0.19537735736531495
0.49640509991421355,0.3001576807580342,0.8176551550373625,0.0451490520440874
0.49266047799376494,0.35560452319941527,0.7894096464585874,-0.033949832039071454
0.4925969727488056,0.29872211134087767,0.8161540917140655,0.004443739204290534
0.4930053868884357,0.19266975629559555,0.8386101518308566,-0.04631401298871591
0.4967500570234805,0.477292090480301,-0.3550049855299124,0.6412808900475602
0.4883729191737562,0.2189741278040493,-0.4003114478202894,0.7439402307780189
0.48932204716748745,0.20466658210542157,-0.4323147657383473,0.7305042327573087
0.49110478760698234,0.41110294049342727,-0.2935888547636187,0.7149303554229849
0.49973099035377655,0.4520416568439029,-0.7454818327647303,0.04264966122406701
0.49267924978755273,0.48061781179176116,-0.7289792462793154,-0.02675860754871572
0.4948980937812286,0.5464002168177058,-0.6432113787828746,-0.24067987417648914
0.49189811218428325,0.5147851337992074,-0.6894382933131132,-0.13219539439937233
0.4900348566891519,0.4649718420040372,-0.7349564237520431,-0.05886438426610386
0.4961414420890492,0.49196325149348796,0.02191079613593959,0.7192060549426557
0.4951879237954195,0.5556236589121917,0.2507842620478475,0.6206842546792666
0.4927621903694623,0.3997946392723912,0.3697027082547659,0.6776805997505342
0.4887565877835295,0.4809288005123421,0.3147105289707923,0.6564588842180867
0.4871998213785806,0.4703249011164285,0.3050700101661364,0.6681464140747524
0.4871801695495547,0.44016215877776715,0.31330924355243667,0.6825009930917165
0.4907747668679433,0.5395288836700501,0.17654489047671504,0.6594720806593991
0.49487253219005173,0.5985160895637875,0.2492156409504107,-0.5787177676523669
0.4887919330544667,0.5474488880376196,0.32736448394197065,-0.5941018572622689
0.4930308717019843,0.4502847359583048,0.44410084451113563,-0.6025555827905867
0.4888493721223991,0.53678448522403,0.17376438604795685,-0.6656744338120675
0.48797370997031814,0.4688126348424713,0.16742938623515058,-0.716791351388123
0.4870710899178065,0.5211661570314511,0.18724414128100159,-0.6745719954440268
0.4939256162309804,0.5248472675658905,0.6685864798587511,0.1849871060063594
0.49014421313317064,0.3833110548367887,0.726380323526033,0.2921376412450353
0.4921345038303683,0.5303180691020649,0.6596864339523042,0.2023081573461218
0.4944838665218099,0.572356278300834,0.5179077529127873,0.4065919357729924
0.4932658943705262,0.48385376445046674,0.5594213731988883,0.4581194005617046
0.4917923818881808,0.40320606149271176,0.6223154177075606,0.458098291968563
0.49507671906725675,0.6235163150508373,-0.1287217109871552,0.5922375785842481
0.49421585412384933,0.5055058185886342,0.008530156952377441,0.7104731633875101
0.48946342060117215,0.39833206835461776,-0.09576265524074756,0.7733175200419509
0.4894202098781127,0.5274116928512673,-0.30267210912751885,0.6329460863729821
0.48768018892299103,0.44410434707610125,-0.2710691995996423,0.7037125406273419
0.49826184119357203,0.6309793092414274,-0.3651062536720554,-0.47517110396721685
0.49496175300497985,0.4629094199459513,-0.47559821196392266,-0.5666241032340007
0.4903441577335684,0.3992641698141131,-0.4268327728577851,-0.6539477861957363
0.49050592524903,0.399418395201096,-0.4310019490043672,-0.651380340845352
0.4931773709956797,0.6132833555237576,-0.16447085344380194,-0.6008588755885221
0.48809116647094775,0.519447163769363,-0.22372391673038144,-0.6607206660081302
0.4910318216394858,0.6182930607920206,-0.1856384758738428,-0.5912928788775552
0.4943837429038701,0.7280649960543278,-0.47881096016369,-0.02367197416139318
0.48930869625296697,0.6758678212240086,-0.5472966763063245,0.03950584381645252
0.49078304914747956,0.6003074208618188,-0.6244900475919555,0.11783824654565198
0.4886113742301521,0.7042478785105515,-0.5124892955099369,-0.0777368313144066
0.48912602690442764,0.6702579550451793,-0.5411971708881087,-0.1333822110819965
0.49090246653641495,0.5637135621455797,-0.6377943826213444,-0.20796424694956647
0.4935225537686706,0.7004983041435872,0.5158234057244633,-0.03422395471114331
0.49178826182756413,0.6342788415460722,0.6004963551724638,-0.008254883666974912
0.49372832014932344,0.7323578670326601,0.40948082838227867,-0.2488970453702326
0.4861327932976858,0.7283895784414637,0.465004874113072,-0.15274348965006324
0.48510439582385934,0.7135121397261064,0.48283612560214084,-0.1553716624348711
0.4885144301144792,0.7055102701446276,-0.10115855262737654,0.5126942327381596
0.4879946300026372,0.7082052698192564,-0.09503182676313515,0.5101905018712666
0.4907472305838514,0.7582402150605252,0.07504877579909557,0.42511277521960644
0.48632368941183973,0.7240065707142448,0.12471063178064899,0.4687536944414072
0.48193484693960115,0.6718493053810031,0.04672987397039553,0.5487255270071405
0.48522195443912075,0.5761097053404972,0.08965862084293957,0.6431966724528142
0.489096303450743,0.7910128948997085,0.32117013529870586,0.18748422173158655
0.48700091607961243,0.6380699468715821,0.46175093843975246,0.37689558756151953
0.480028657664111,0.6605878512225598,0.5078936897562452,0.22879950461668838
0.4862095638718999,0.80175885109982,0.3391458630503688,0.12408374805094742
0.4864785815695312,0.8029360474849423,0.33574218173505044,0.12680118385588046
0.4836033838185665,0.5992729900371996,0.6108326432606913,0.14990003870624635
0.48665631882134314,0.7974030645462661,0.27001572715744165,0.22257128081493366
0.48796722915142077,0.8038153675615982,0.09893242710336571,0.332578721687519
0.487783011597221,0.8040125688178926,0.10082335872129737,0.33149436752178435
0.4803363801098093,0.7765022854320909,0.18113539925478553,0.35110521385811816
0.47952732711548907,0.7548107481223272,0.191903507855207,0.38667741344805723
0.48445333345939773,0.6208381185953485,0.43617944755510424,0.4375617938318714
0.4853912725541519,0.6115652411903439,0.4400842546586636,0.4485017931140577
0.49341011988117417,0.8192154603298905,-0.22176626967833538,-0.16648194151504414
0.488540464397157,0.7845284835799051,-0.35958053005574864,-0.0785500437551493
0.48268906858095506,0.7364442957863734,-0.4392772025905373,-0.13331078991532028
0.48576773584521693,0.7069383241159997,-0.501633876601833,-0.10439745163622946
0.4822600526627704,0.7240386151280741,-0.3260072546437251,-0.35976838874434824
0.4823625892750276,0.7247922471167256,-0.323417329744181,-0.361037387596344
0.49292436361963193,0.8465004141195136,0.17997820455006894,-0.06507446877437649
0.48609433075148156,0.8044326131202528,0.33346275547085813,0.1237186093618494
0.4860939971330638,0.8043768458335585,0.3336219986971457,0.1239183617992915
0.4860868714303317,0.8043700563465838,0.3336576033206028,0.12385420694672529
0.4860038762692209,0.8030493706732005,0.3368491063502652,0.1227087060744408
0.4855817494437506,0.733211816640446,0.45650985083221907,-0.15132050903334363
0.49044317110017793,0.8669427183548742,-0.03707608114962213,0.04165532234521289
0.4880144464361059,0.8639337471862082,-0.05271654788374129,0.10136913238026071
0.4881877715409376,0.8580639606840961,-0.06477610417874106,0.14781706398999891
0.4860484936887398,0.8605070568594292,-0.07407912968885116,0.1180123974908035
0.4789980323447978,0.8438239376935945,-0.1892747399843071,0.03718388040526226
0.4790135898435739,0.8436338797308168,-0.19101266627244876,0.030107189082248697
0.4853441529733516,0.8533220327693617,-0.13404318337674392,-0.06653334961472164
0.0,0.0,0.0,0.0
0.4827068210037193,0.8512597073355654,0.08827114929960854,-0.12225894237037578
0.48018926812663026,0.8426034052912053,-0.06521662451543024,-0.17576522284591137
0.48376193448998384,0.8133311143920878,-0.09851148832740586,-0.2954496433746866
0.48686025824507523,0.8614816353068571,0.11184501853467027,-0.02883229315269675
0.48700623967115414,0.8616711025296269,0.11133646928977925,-0.031085818133868397
0.4823045462921814,0.8164567215041908,-0.01567382381899993,0.29299807436859776
0.48780071041988504,0.8047923689195968,0.0967944791248474,0.33029091133095245
0.4881922280931596,0.8567639507566379,-0.06275545950883787,0.15396567082096002
0.48243298668399043,0.7417922467764831,-0.16449278920456362,0.4320043317130905
0.48837875255321445,0.8573784471924358,-0.0655430370800301,0.15080662472845777
0.4863515461462533,0.7603282525644874,0.04071893362319618,-0.4362521760540381
0.4799980953692422,0.7623586673187038,0.24035292444768713,-0.3398565780744239
0.4805145965989241,0.7737353230646734,0.2522125774878865,-0.30456354809642755
0.48788716601082166,0.8286739386358781,0.15999336812946813,-0.20232058959696722
0.49322725705273324,0.8302875192182283,0.2027947808260463,-0.1502637755392806
0.4892762188500603,0.7620997624900124,0.36343852563049867,-0.22738273311862878
0.4873591686801156,0.7979323997974755,-0.04698627647848805,-0.34970361926906474
0.4882324590419405,0.7736662540401653,0.015541381748198769,-0.4127016154037012
0.4898678245124638,0.7897988851739259,0.004689514724242745,-0.375275738342705
0.48822970440392505,0.6393131796525353,-0.17446560594424623,-0.5690914599518
0.48650578759096946,0.8060829420108677,-0.13006195224261238,-0.3062694883393786
0.48596003369427165,0.7536238982139657,-0.26462050731336645,-0.34567036625994896
0.4918812842486478,0.803202359261979,-0.19631584992640064,-0.2672046277764342
0.4860572407593398,0.7174281500528745,-0.30495371109282177,-0.39169855618657834
0.48623847109724516,0.6569696600968538,-0.5608597542947366,0.09779413708793344
0.4892305768345911,0.7843116993767966,-0.3082314151030218,0.21338758563431778
0.4839175387080589,0.7390017410328666,-0.3594109883488614,0.2943028531976886
0.49195264985333653,0.7848831185635491,-0.2838167408857028,0.24872313390230874
0.49511315792063565,0.7456036524888215,-0.44690797129393617,-0.016867044190030333
0.4884848644425646,0.5339014218971447,-0.3049043486150046,0.6250136009931418
0.483876926991455,0.7117789287918252,-0.14293833710319334,0.4903389086603426
0.4834417403235637,0.7328637123733612,-0.1576690006550787,0.4514527050210648
0.4872951761006913,0.709927926607928,-0.10885980904213344,0.5050021836927276
0.48331006461013515,0.7421569128413409,-0.1825400821931594,0.42189706367632546
0.48405513805492384,0.7338999632495037,-0.35239806539914037,0.3184728683498434
0.484498145416972,0.7358723487263231,-0.3544628500366431,0.3128663467729353
0.4911576923399662,0.7720294988566581,-0.29195906709908037,0.28143029633793476
0.4873406381202502,0.7545568649338941,0.03659449301587935,-0.44767244216769586
0.4837763864561735,0.6934882850462737,0.004388694995162815,-0.5243570769882652
0.48854969325698755,0.6631883725616927,-0.10528893796115912,-0.554007131887427
0.4885128792002777,0.7579404479213689,0.0244173012233586,-0.44217228817455334
0.4816311028449479,0.5897334492836118,0.39587713493453663,-0.49611642456441607
0.4872475627644548,0.7000047512051373,0.3092034165390034,-0.41037729861629135
0.48378451181363746,0.5518382279261369,0.3810558843893113,-0.5541247164932251
0.4954817644687602,0.661419966136497,0.2281160550978945,-0.5116716652102102
0.4877268616155942,0.5810150662568482,0.558055820939146,-0.3370109205911235
0.48814097665481615,0.577157281821046,0.5623095826260179,-0.3369148326508505
0.4878908254278013,0.5834772404573532,0.5570363172434228,-0.33411848316912657
0.49393457646177735,0.7287602199416277,0.41063803550223993,-0.25555115324977307
0.48642093956593435,0.5446739129712362,-0.5283846232412506,-0.4208997453430328
0.488050743379214,0.5183917212462629,-0.6063788973925371,-0.3493982234774832
0.49076515510571556,0.6337299671541012,-0.4425830979677194,-0.3983381816057075
0.49761908541288147,0.638441880105369,-0.368488026338112,-0.46323544638699954
0.4936324749901831,0.5574913243223028,-0.6351746099867536,-0.24086431555210905
0.49534601229004993,0.5985239298002947,-0.590430807617207,-0.23820116680577574
0.4867325841433242,0.6049994502929982,0.448030411354592,0.4498816151935699
0.4920022287908889,0.5992462502374745,0.4863196130814972,0.41259904369275135
0.48645569143016787,0.6051699534848207,0.43368298415848916,0.46123518312190226
0.4957579949765314,0.5924828431262713,0.26436716733874577,0.5758461171798976
0.48791311411164795,0.5989196494987614,0.6336062064074449,0.04269082844347036
0.4882773712124597,0.6001225520495929,0.6317789509650518,0.057130326277295335
0.4908175647869425,0.6224331655254458,0.6125148733924203,0.009514823629661754
0.4889913976911659,0.4330617056976943,0.7456934593550708,-0.08780277289991882
0.4920515828302052,0.629500698753103,0.6055612522122988,-0.0065590581244120635
0.4924892175465906,0.30561264325173265,-0.6240424720787916,0.5300277607152101
0.4858191889489171,0.47715754238650976,-0.5649835054184467,0.4543541835492889
0.4865260136152561,0.550820325418313,-0.47107346313612974,0.48291631447697164
0.4885684289521592,0.5487058375922303,-0.4341729343097985,0.5173646832839068
0.48819911034491564,0.5688703643570592,-0.46258647105128176,0.47049726234101347
0.49616391590366077,0.5945913838397293,-0.5045333570146815,0.3805525583448605
0.49625568319018243,0.48789541016484544,-0.3529304102644506,0.6351997955267699
0.48596029292706694,0.47524956449716366,-0.6836513115367686,0.23776282269793675
0.4886286038594228,0.5418433056701543,-0.6736534329734558,0.13432682033213666
0.49202088569543334,0.5285769710012885,-0.691218760685867,0.09323187218367256
0.49125204150470103,0.5747267572050356,-0.6494027936735377,0.12591763833375466
0.49227632906078284,0.583913831583022,-0.6383185390708671,0.13308749981618304
0.4911232626124024,0.48169370003238576,-0.6101413182701938,0.3880096104427113
0.4975197193091676,0.5681699310731824,-0.5538011368260767,0.349473380844281
0.4878841072513245,0.3791486680175546,-0.07886079632974392,-0.7764700076153906
0.4901216584196856,0.29987282573351565,-0.10774443890073936,-0.8091158890305585
0.4928036246481718,0.4797678023146139,-0.17969292779566484,-0.7041212724479996
0.4972215647314048,0.5324465899226354,-0.13069938039187026,-0.6746335283804068
0.49553737360361644,0.44740358373309363,0.09119187487138389,-0.7470482160894583
0.49606454362505326,0.45611027456862185,0.08807312501283492,-0.7412499364513158
0.48648565983319336,0.41320657573146397,0.690212128539646,-0.33405168151155723
0.48672720096675565,0.4284693344834552,0.6883983288100881,-0.3230240116464183
0.4912816119856152,0.5135109786774333,0.6244446780018205,-0.3331651149158572
0.4925097821818373,0.31418584920380505,0.5745820392435231,-0.5749602501284595
0.4929272407037438,0.5264126262661881,0.5987205406799071,-0.35600313780834325
0.49508891300973457,0.17633393276860593,-0.6358292937707607,-0.571016985555453
0.49630570801311114,0.42664244155611364,-0.6602645878766407,-0.3719483514152367
0.4915518462451245,0.19944644475140738,-0.7548007259231369,-0.3934518481730422
0.49083624058329767,0.20720861635021473,-0.7461920757065549,-0.40339758244590357
0.49861577767162507,0.4288009269269056,-0.6732413908405431,-0.34419336998705125
0.4921495375690218,0.373673259063508,0.48101532291716825,-0.6270673659245514
0.49504873625729573,0.345278567118482,0.4167807785436138,-0.6815787847246969
0.49446189230568804,0.4063979273474415,0.4678705124460398,-0.6195598897894394
0.4963688174009153,0.41891166199109875,0.4778128614231476,-0.6026919867343925
0.493084584268581,0.30574163592374803,0.5775695012991585,-0.575618347970526
0.4927173392707197,0.31648989948018635,0.5714368713149847,-0.5771127465689356
0.49761038549179726,0.4136260677101568,0.5035750167567962,-0.5818001598167908
0.49308106409063934,0.37278940281177686,-0.40885641168824133,-0.6782213965063963
0.5004165161993164,0.3317182293434202,-0.2944854147334148,-0.751406408803966
0.5005888645448111,0.40115671409059306,-0.5058198604382321,-0.5893370598519857
0.4930790256223201,0.38548648711893163,-0.44745175047047914,-0.6486887114774177
0.4979988257831498,0.24497516826831137,-0.5797159314905403,-0.6001402683863349
0.5016041590668504,0.3886100450022432,-0.5228563526870823,-0.5803728093384056
0.48799331982126914,0.30989788220342235,-0.06004722460116852,0.810793729166307
0.4912894155268745,0.377574235558785,-0.08708654213649761,0.7863503582641044
0.492359976593089,0.2281748302443958,0.15129310586627945,0.8285785505280595
0.4936993445251914,0.24120472644991178,0.16117461258313773,0.8228818301686076
0.49758873951699056,0.412783003101072,-0.0030089896524300394,0.7671898744895381
0.4989698862614375,0.31403685098949635,-0.20613018763820135,0.788142797291235
0.4931862330455182,0.2928206551427993,0.3030694435602654,-0.7639853062972746
0.49368062625912623,0.31269551068173473,0.2888926307205065,-0.7604738608032418
0.4950897361978526,0.0159926463095714,0.06867626098001059,-0.8689382471733751
0.4914396511753591,0.06494615896990757,0.08397857900700181,-0.8605072618277518
0.49608388116111274,0.24466499923627213,-0.06111510558584781,-0.8312463080657213
0.4975100265169736,0.419918083540917,0.0993168042219201,-0.7582025647165398
0.49443632818165056,0.29780218378432344,0.3131304542195614,-0.7588806565224346
0.49104161197104695,0.1489321273869999,0.26610064930403077,-0.8099881605146931
0.5002263405875278,0.26942433399224475,0.3522374107746136,-0.7493965887172662
0.49429888405876665,0.022111403082858975,0.41176832857663787,0.7650584517819808
0.49827086918432245,0.12272416841784191,0.46910555084287403,0.7176495018276086
0.5024266199466784,0.2759181527209683,0.38981787303532817,0.7212576960922958
0.49566986456977674,0.14240129972385818,0.1829087564163495,0.8436906242600803
0.49705718942914834,0.1289921073420219,0.17288771659855462,0.8474518716167829
0.49596813115119015,0.15262262704443683,0.17946658985273997,0.843090571624842
0.49782399550582884,0.20430235516636572,0.1926866104693701,0.8261237092732283
0.49599247997141543,0.2559274235536584,-0.20580401546549776,-0.8087649359353019
0.49303659613869183,0.21057738599252512,-0.2937891099964592,-0.7946866063030404
0.4926561363749798,0.10588543426299293,-0.32067332686231736,-0.7993535631808633
0.49588936928650507,0.23656843336419184,-0.3130598170034452,-0.7814854553744958
0.49995953263091014,0.28399862174981894,-0.279908658277223,-0.7782439653297207
0.4996029050164004,-0.089033241537932,-0.1613499905434265,-0.8522001400953644
0.5004513952833928,0.20887511102317846,-0.0912529348807597,-0.8375694097365618
0.4939307200044596,0.02451400067206636,-0.7861713832544951,-0.3569874179281231
0.4940761105583588,0.1741761995198597,-0.7628203072844423,-0.38973673065170505
0.4964456792617672,0.2163565371066793,-0.7755767926202671,-0.33662597204631356
0.49877219143005896,0.2352469853892733,-0.7795474251342752,-0.31134602658053695
0.4982348076605899,0.22847391903305705,-0.7884461493061611,-0.29169438319678187
0.5024623575486222,0.18378174799418695,-0.8308872880455958,-0.16757309655258498
0.4989854204383616,-0.09489119718670404,0.461664910127606,-0.7370646318679084
0.4968549299472637,-0.08466708795635758,0.4133437949258445,-0.7635690925674729
0.49825274084117727,0.08479516778717339,0.3106131659262257,-0.8061002420920014
0.5046983160089725,0.16672611817614533,0.37067889970156004,-0.764301769458564
0.5007383550936927,0.13316808743670266,0.8547609632825696,0.003948536989358502
0.5045350284399595,0.1649757792180519,0.8498808197164985,0.06029743186082914
0.497424798702928,0.154058290212393,-0.6315099961213221,-0.5840588400865002
0.4917726707237894,0.0065622639143748775,-0.5781701699718549,-0.6426880599498602
0.49389181720491665,-0.021279081183149536,-0.510442679174004,-0.7002742353858581
0.5001229261774505,0.17321633773656306,-0.6028952915238203,-0.6051196114542021
0.5020078734271586,0.03969302073309619,-0.42789715512466925,-0.760425410905909
0.5021118744263264,0.041817946086776143,-0.4282570967759331,-0.7599103430950467
0.5042100158045156,0.08044648992467125,-0.7132685396450008,-0.48956858844045864
0.4966987732548785,-0.046664335296583495,0.038837883206479726,0.8646396763716763
0.49943080955836033,0.07608267834389613,0.13288249030216526,0.8569252336057482
0.49954860471660806,-0.20887511102317785,0.09125293488075953,0.8375694097365619
0.5003970949836003,0.08903324153793188,0.16134999054342652,0.8522001400953643
0.5028762501391908,-0.007576642836092892,-0.05035715276778911,0.870519494651956
0.5049102638021481,-0.015992646309571406,-0.06867626098001081,0.8689382471733751
0.49712374986081004,0.007576642836093088,0.05035715276778902,-0.8705194946519561
0.5029428105708523,-0.1289921073420205,-0.17288771659855418,-0.847451871616783
0.5005691904416404,-0.07608267834389648,-0.13288249030216603,-0.8569252336057479
0.5033012267451222,0.04666433529658425,-0.03883788320647985,-0.8646396763716762
0.49800949860046606,-0.009269094640381803,0.08832164915179762,-0.8669181017444774
0.5062704268314893,-0.057716088298861816,0.19673774377684114,-0.84668068109709
0.49987388300531627,-0.038737685736210475,-0.8459052275100833,-0.1823920803233759
0.5001184633899483,-0.280331832815617,-0.8234624718034345,-0.07133867863477623
0.4954649715600413,-0.16497577921805254,-0.8498808197164985,-0.060297431860829066
0.4971844610337696,-0.054290631429886424,-0.8538235400804145,-0.13704082031886644
0.5007126908230957,0.005180746411599229,-0.85889690583545,-0.11644779613244771
0.4992616449063078,-0.13316808743670627,-0.854760963282569,-0.003948536989363786
0.5023913767490548,0.022136075131052518,-0.8568226960467692,-0.1298977917853732
0.4978881255736743,-0.04181794608677752,0.428257096775933,0.7599103430950466
0.4979921265728422,-0.039693020733096496,0.42789715512466897,0.7604254109059092
0.5061081827950842,0.021279081183149754,0.510442679174004,0.7002742353858582
0.4998770738225504,-0.17321633773656325,0.6028952915238203,0.605119611454202
0.5025752012970728,-0.15405829021239292,0.6315099961213222,0.5840588400864999
0.5082273292762114,-0.006562263914374584,0.5781701699718549,0.6426880599498602
0.5073438636250212,-0.10588543426299366,0.32067332686231725,0.7993535631808631
0.5013750441556032,-0.05659759266651205,-0.7516087014889301,-0.42778128840261964
0.49769973634646036,-0.13113858545240456,-0.7034042642327973,-0.484820502144718
0.4996276202918758,-0.319247669881615,-0.6717983367722224,-0.4444726086270512
0.5003880519479446,-0.10385947084937884,-0.6831801848081095,-0.5210805876688324
0.5046789164166975,-0.02348750122673422,-0.7259081405336971,-0.4735326149684235
0.5103295755094422,-0.15262299397350837,-0.7995358368520937,-0.27606839807587297
0.5069946131115651,-0.1926697562956018,-0.8386101518308553,0.046314012988712946
0.5081961091752174,-0.04580733566682314,-0.8302109205484859,0.2728053056245914
0.5059292336684372,-0.06705333247359338,-0.8349508207467841,0.2415025147426128
0.5057550240857,-0.06725988573333933,-0.8258027314239224,0.2820441434670775
0.5057349146393705,-0.08941703045549292,-0.8156258265605143,0.295924804546739
0.507310832610199,-0.05311943299038928,-0.8254920412545933,0.29024328952996364
0.5073521695832226,-0.05275335191348582,-0.8255479685293745,0.2901713607875655
0.5059976540813985,-0.30362255467761995,-0.7410224090139127,0.3239557130060977
0.5007102836460431,-0.2057419524444571,0.23784762835772807,-0.8162729147733723
0.5037851989623267,-0.167621842020328,0.29775463039211575,-0.805986337428124
0.5010301137385633,-0.31403685098949624,0.20613018763820137,-0.7881427972912352
0.5048709565562476,-0.14996756080498014,0.19620471472071116,-0.8392532229162921
0.5067709069608446,-0.12578637859085604,0.21486889803067774,-0.8384159356377134
0.5101285767992072,-0.1822277758669984,0.7507106628220676,-0.39959545920596795
0.5007971764092065,-0.3207625032455172,0.6810801798537093,-0.43760733607710534
0.5025248552434205,-0.2722412565455686,0.6669739995848475,-0.5014452649975301
0.5033604947828799,-0.2727096446333402,0.6598443708482467,-0.5108357026528341
0.5035301471766576,-0.2564911580116923,0.6735010792741423,-0.49990807663412584
0.5089396008642353,-0.1855034934309697,0.72486928074367,-0.44898688951989385
0.5056958398200029,-0.2946140157143948,0.7726137179273594,-0.2733181690516597
0.5063211043955117,-0.2840739419097701,0.7757952462136912,-0.27466738675287367
0.5040075200285855,-0.2559274235536581,0.20580401546549765,0.8087649359353017
0.49958348380068446,-0.3317182293434204,0.2944854147334147,0.7514064088039661
0.5000404673690907,-0.2839986217498196,0.2799086582772231,0.7782439653297205
0.5041106307134957,-0.23656843336419256,0.31305981700344476,0.7814854553744958
0.506963403861309,-0.21057738599252526,0.29378910999645885,0.7946866063030407
0.5098783415803151,-0.2998728257335149,0.10774443890073955,0.8091158890305585
0.5069189359093614,-0.3727894028117767,0.40885641168824055,0.678221396506397
0.5020294533929769,-0.27218423850160883,0.5552807579839203,-0.6162706150996157
0.5022855826992515,-0.268115797548834,0.5534022523407242,-0.6195680111486127
0.5106779528325134,-0.2046665821054213,0.4323147657383482,-0.7305042327573082
0.5032499429765201,-0.47729209048030086,0.3550049855299123,-0.6412808900475602
0.5037443168098183,-0.4878954101648451,0.3529304102644505,-0.63519979552677
0.5088952123930184,-0.4111029404934265,0.2935888547636185,-0.7149303554229852
0.5116270808262446,-0.21897412780404968,0.40031144782028877,-0.7439402307780193
0.5023593016952015,-0.27235206144088164,0.5614295722223669,-0.6106683882913927
0.5075107824534102,-0.3056126432517333,0.6240424720787913,-0.53002776071521
0.504951263742705,-0.345278567118482,-0.4167807785436141,0.6815787847246968
0.50556367181835,-0.2978021837843235,-0.3131304542195614,0.7588806565224345
0.5063193737408744,-0.3126955106817349,-0.28889263072050647,0.7604738608032416
0.5068137669544824,-0.29282065514279937,-0.3030694435602655,0.7639853062972745
0.5019762062781534,-0.39407112238108327,-0.7481109786726228,-0.19988003825324122
0.5022806750643849,-0.29993588238530894,-0.8142262330548432,-0.0925815279548475
0.5060743837690205,-0.5248472675658905,-0.6685864798587512,-0.1849871060063593
0.5090379603275461,-0.374516224731304,-0.7335941997342672,-0.2871320436776836
0.5122637236573014,-0.29075776871635806,-0.7804934506701733,-0.23791106435360587
0.5035949000857872,-0.3001576807580345,-0.8176551550373626,-0.045149052044087666
0.507339522006236,-0.35560452319941616,-0.7894096464585869,0.033949832039072356
0.5074030272511952,-0.29872211134087784,-0.8161540917140655,-0.0044437392042900835
0.5079977712091117,-0.5992462502374746,-0.48631961308149707,-0.41259904369275097
0.5055161334781909,-0.5723562783008345,-0.5179077529127868,-0.40659193577299213
0.5067341056294746,-0.48385376445046585,-0.5594213731988888,-0.4581194005617052
0.5132674158566767,-0.604999450292998,-0.44803041135459176,-0.44988161519357
0.5082076181118199,-0.403206061492712,-0.6223154177075609,-0.45809829196856255
0.5078654961696328,-0.5303180691020651,-0.6596864339523043,-0.20230815734612162
0.5098557868668302,-0.3833110548367891,-0.7263803235260327,-0.2921376412450352
0.5040998668126292,-0.4547837969197674,-0.7067785211616106,0.2413517628711469
0.5035156982362686,-0.46123949144605,-0.7135929517110082,0.19537735736531475
0.5065337867545832,-0.43520703858868387,-0.7146891566099195,0.254152301753477
0.5069654514444076,-0.43592128664854435,-0.7368514766785672,0.15420602183916257
0.5079484171697957,-0.6295006987531033,-0.6055612522122985,0.006559058124411974
0.5110086023088349,-0.4330617056976943,-0.7456934593550708,0.08780277289991893
0.5087183880143855,-0.5135109786774334,-0.6244446780018207,0.333165114915857
0.5132727990332451,-0.4284693344834554,-0.6883983288100881,0.3230240116464176
0.5118590233451847,-0.577157281821047,-0.5623095826260174,0.33691483265085037
0.5023809145871194,-0.6384418801053687,0.36848802633811223,0.4632354463869993
0.5017381588064287,-0.6309793092414265,0.3651062536720553,0.4751711039672175
0.505038246995021,-0.46290941994595103,0.4755982119639225,0.5666241032340016
0.5094940747509705,-0.3994183952010961,0.4310019490043667,0.6513803408453519
0.5096558422664323,-0.39926416981411317,0.4268327728577843,0.6539477861957365
0.508968178360515,-0.6182930607920204,0.18563847587384233,0.5912928788775555
0.5119088335290531,-0.5194471637693627,0.22372391673038058,0.660720666008131
0.5024802806908332,-0.568169931073182,0.5538011368260768,-0.34947338084428126
0.5038360840963401,-0.594591383839729,0.5045333570146815,-0.3805525583448608
0.5088767373875984,-0.48169370003238515,0.6101413182701941,-0.38800961044271165
0.5141808110510837,-0.47715754238650987,0.5649835054184466,-0.45435418354928864
0.5140397070729339,-0.47524956449716355,0.683651311536769,-0.2377628226979368
0.5077236709392179,-0.5839138315830223,0.638318539070867,-0.13308749981618276
0.5092169508525214,-0.6003074208618195,0.6244900475919551,-0.11783824654565135
0.5087479584952999,-0.5747267572050357,0.6494027936735381,-0.12591763833375422
0.511371396140578,-0.5418433056701545,0.673653432973456,-0.13432682033213625
0.5115151355574362,-0.5339014218971451,0.30490434861500465,-0.6250136009931412
0.5114315710478414,-0.5487058375922301,0.4341729343097981,-0.5173646832839077
0.5118008896550851,-0.5688703643570595,0.462586471051282,-0.4704972623410128
0.5134739863847447,-0.5508203254183128,0.47107346313613024,-0.4829163144769713
0.5051274678099491,-0.5985160895637871,-0.24921564095041066,0.5787177676523674
0.511208066945534,-0.5474488880376197,-0.3273644839419698,0.5941018572622693
0.5162154881863633,-0.5518382279261373,-0.3810558843893109,0.5541247164932249
0.5045182355312406,-0.6614199661364977,-0.228116055097894,0.5116716652102096
0.5111506278776016,-0.5367844852240297,-0.17376438604795671,0.6656744338120674
0.5129289100821943,-0.5211661570314502,-0.18724414128100159,0.6745719954440272
0.5163966161814344,-0.5992729900371998,-0.6108326432606912,-0.1499000387062462
0.5117226287875412,-0.6001225520495934,-0.6317789509650514,-0.05713032627729408
0.5064774462313302,-0.7004983041435876,-0.5158234057244625,0.03422395471114292
0.5082117381724366,-0.6342788415460724,-0.6004963551724635,0.00825488366697477
0.5091824352130583,-0.6224331655254459,-0.6125148733924205,-0.009514823629662425
0.5120868858883527,-0.5989196494987623,-0.6336062064074446,-0.042690828443470205
0.5138672067023151,-0.7283895784414641,-0.4650048741130716,0.15274348965006357
0.5148956041761414,-0.7135121397261058,-0.4828361256021416,0.15537166243487174
0.513942759240661,-0.7174281500528744,0.30495371109282204,0.3916985561865781
0.5117702955960757,-0.6393131796525345,0.17446560594424612,0.5690914599518008
0.511450306743013,-0.6631883725616918,0.10528893796115993,0.5540071318874276
0.5114871207997229,-0.7579404479213693,-0.02441730122335844,0.4421722881745525
0.5126593618797506,-0.7545568649338941,-0.036594493015880324,0.4476724421676958
0.5162236135438273,-0.6934882850462737,-0.004388694995163134,0.5243570769882651
0.5056162570961306,-0.7280649960543273,0.4788109601636905,0.023671974161393154
0.5048868420793651,-0.7456036524888208,0.4469079712939368,0.016867044190030316
0.5106913037470339,-0.6758678212240068,0.5472966763063265,-0.0395058438164543
0.5137615289027556,-0.6569696600968521,0.5608597542947388,-0.09779413708793375
0.5113886257698486,-0.7042478785105506,0.5124892955099376,0.07773683131440783
0.5142322641547838,-0.7069383241159986,0.501633876601834,0.10439745163623008
0.5177399473372305,-0.7240386151280747,0.3260072546437241,0.35976838874434824
0.5081187157513528,-0.8032023592619814,0.19631584992639783,0.26720462777643084
0.5134942124090313,-0.8060829420108695,0.1300619522426091,0.3062694883393768
0.5140399663057291,-0.7536238982139665,0.2646205073133658,0.3456703662599478
0.5176374107249733,-0.7247922471167257,0.32341732974418197,0.361037387596343
0.5065898801188264,-0.8192154603298915,0.22176626967833063,0.1664819415150476
0.5114595356028439,-0.7845284835799053,0.35958053005574747,0.07855004375515051
0.5173109314190458,-0.7364442957863734,0.43927720259053643,0.13331078991532155
0.5139961237307799,-0.8030493706731998,-0.3368491063502667,-0.122708706074442
0.5144182505562502,-0.7332118166404472,-0.45650985083221723,0.15132050903334368
0.5070756363803689,-0.846500414119513,-0.17997820455007005,0.06507446877437645
0.5107237811499408,-0.7620997624900139,-0.3634385256304965,0.22738273311862758
0.5067727429472676,-0.830287519218228,-0.20279478082604796,0.15026377553928108
0.5121128339891793,-0.8286739386358782,-0.15999336812946852,0.20232058959696728
0.5194854034010769,-0.7737353230646749,-0.25221257748788506,0.3045635480964255
0.521001967655203,-0.8438239376935945,0.1892747399843065,-0.0371838804052613
0.5209864101564269,-0.8436338797308169,0.19101266627244778,-0.030107189082248655
0.5172931789962816,-0.8512597073355659,-0.0882711492996082,0.1222589423703752
0.5129937603288467,-0.8616711025296268,-0.11133646928977878,0.031085818133868633
0.5198107318733706,-0.8426034052912064,0.06521662451542824,0.1757652228459086
0.5146558470266491,-0.853322032769362,0.13404318337674107,0.06653334961472228
0.5095568288998228,-0.8669427183548744,0.037076081149622596,-0.041655322345211944
0.5119855535638947,-0.8639337471862082,0.052716547883741145,-0.10136913238025994
0.513951506311261,-0.8605070568594286,0.07407912968885222,-0.11801239749080349
0.5131397417549255,-0.8614816353068572,-0.11184501853466963,0.02883229315269801
0.9999999999999064,1.665254822231064e-13,-6.655899366334768e-15,8.943864773512344e-15
