1.0,0.22148276447864712,-0.4866730299207308,0.005337788694738884
1.000000000000002,0.27339325102140866,-0.473753635623334,0.07999449932454959
1.000000000000002,0.10899878735151383,-0.4751879045308602,-0.0031083387118006965
1.000000000000002,0.329388136966101,-0.4566680323459776,-0.08521887397693223
1.000000000000002,0.19231963561763835,-0.4472921987200092,0.1959390081039588
1.000000000000002,0.12493913558954246,-0.44128832427993475,-0.1751186385314349
1.000000000000002,0.40667518360009863,-0.4158237393454735,0.06961976946837321
1.000000000000002,0.03843318020900878,-0.4229686420200201,0.12231911605048773
1.000000000000002,0.29630455170579584,-0.41285202760476536,-0.23823280653099574
1.000000000000002,0.3116489521452181,-0.391647910990823,0.26479150246469674
1.000000000000002,0.0012211824195676648,-0.39600118260137707,-0.12603857316458844
1.000000000000002,0.4620267592083484,-0.36555481105461257,-0.07456543090340537
1.000000000000002,0.08627467047458945,-0.3669011508003415,0.2828424081447509
1.000000000000002,0.16197643210789606,-0.3651911535446187,-0.31749440481462354
1.000000000000002,0.44701289569802877,-0.3319659493639564,0.19764243733224596
1.000000000000002,-0.06531446656693593,-0.34452243688038103,0.04975008546772566
1.000000000000002,0.41071215438408304,-0.3243068985434308,-0.2602715072066294
1.000000000000002,0.23157987906361094,-0.3170189946018767,0.37353550941902836
1.000000000000002,-0.0030754581325031305,-0.3129901682424476,-0.26820664429983376
1.000000000000002,0.52992697960476,-0.2782517349065476,0.02873657410227191
1.000000000000002,-0.030789523265067342,-0.2881649828942328,0.2563913006793521
1.000000000000002,0.2667555056805555,-0.29201144261163103,-0.38978467348392665
1.000000000000002,0.40823517006679994,-0.2594625752971949,0.3298907942773339
1.000000000000002,-0.11506221468733611,-0.26833387940140124,-0.09068311461334057
1.000000000000002,0.5134403164801934,-0.24414099713930368,-0.18189459836180966
1.000000000000002,0.11450634710774601,-0.23646004641918672,0.40854103129437547
1.000000000000002,0.06984819239536563,-0.23930387776024184,-0.3874430474712871
1.000000000000002,0.541554973322953,-0.19521086607869684,0.1623250705733736
1.000000000000002,-0.12643863751738654,-0.21378096449574913,0.15781331069482793
1.000000000000002,0.3898046982283016,-0.2065089730599721,-0.3749112186182826
1.000000000000002,0.32039074736902434,-0.18325900059938877,0.4323070272825392
1.000000000000002,-0.09972887634644723,-0.18664211674371267,-0.24824823397157797
1.000000000000002,0.5826158417400022,-0.15285190287998288,-0.05267543229458356
1.000000000000002,-0.013726680126110011,-0.15604189531919269,0.37002242458481405
1.000000000000002,0.18804380565869083,-0.16079391111990632,-0.4559758150479133
1.000000000000002,0.4968055181794754,-0.12508446042222718,0.3065755150884366
1.000000000000002,-0.17451242570136147,-0.13376221718317027,-0.004596170749199518
1.000000000000002,0.5036122761085459,-0.1286681103347436,-0.2964442130326109
1.000000000000002,0.18448347309941332,-0.10636874566381942,0.4765521825028996
1.000000000000002,-0.018562638497592477,-0.10774292644176192,-0.3814048067795794
1.000000000000002,0.5977052312593994,-0.06281879459964015,0.07036889658890177
1.000000000000002,-0.11998778326954387,-0.08049251766659259,0.25968241474668263
1.000000000000002,0.32640885846603684,-0.0825080025629112,-0.45927667587488624
1.000000000000002,0.40416668634026487,-0.04797823201571814,0.42012020451278675
1.000000000000002,-0.1585202211459278,-0.06054202346576087,-0.17324947053191234
1.000000000000002,0.5792268279453082,-0.04954456272222455,-0.15393569069850482
1.000000000000002,0.045979610239073244,-0.028324714252785623,0.4425007049032727
1.000000000000002,0.10499790917803781,-0.029849164506325493,-0.4722152938126244
1.000000000000002,0.5558845412421529,0.00046294422933640844,0.2196267331216771
1.000000000000002,-0.18076709173254069,-0.0007927999941691929,0.10494125493352413
1.000000000000002,0.45202798411412193,-0.004694541043031173,-0.38497591557192656
1.000000000000002,0.2688154132659206,0.026208779852330832,0.47944047772882553
1.000000000000002,-0.08892970457687673,0.028112785764949463,-0.32119322982958265
1.000000000000002,0.6014378276769731,0.004351345086857598,-0.02401938156232374
1.000000000000002,-0.07026391730166169,0.04656576386449545,0.34540532714636657
1.000000000000002,0.24410799695003357,0.04676655503396085,-0.4833298393931936
1.000000000000002,0.47283028817945194,0.07144805332284787,0.3531785356923041
1.000000000000002,-0.17972444998601705,0.0744613307170907,-0.0704286750322718
1.000000000000002,0.5371879321425684,0.0650533755115124,-0.2574079264562196
1.000000000000002,0.13028443410312002,0.10231468733403848,0.47320271996275215
1.000000000000002,0.02220962563306984,0.10072810923800582,-0.420592648817477
1.000000000000002,0.5822904311777624,0.10641554594617415,0.11278400748878242
1.000000000000002,-0.13865836459887645,0.12815387772803863,0.19834897262519524
1.000000000000002,0.371853942415679,0.11809949674908661,-0.424282319251983
1.000000000000002,0.34668340923946783,0.1455523157321637,0.4252584908013323
1.000000000000002,-0.12407274512070253,0.15735342725054524,-0.22165036991179418
1.000000000000002,0.5784224243788961,0.13431832637178945,-0.11169228055235601
1.000000000000002,0.012051581207510527,0.1814056040248912,0.3818921546314698
1.000000000000002,0.15680715322300906,0.17133343440085133,-0.452366496959317
1.000000000000002,0.505394923768859,0.1927324873976104,0.24877378054105154
1.000000000000002,-0.1490120709450125,0.20304848708879467,0.03061188537299099
1.000000000000002,0.4688522637307233,0.18784853993943268,-0.3169135396752421
1.000000000000002,0.22110834718244415,0.22601538932576076,0.4275670842096969
1.000000000000002,-0.020979995920508566,0.2272694933426142,-0.3256468200172588
1.000000000000002,0.5627230731195119,0.2201412583251478,0.020008599062917798
1.000000000000002,-0.0604152385623599,0.25700779788340283,0.2548328567511135
1.000000000000002,0.2853909548803064,0.2504011476999968,-0.40791723250257855
1.000000000000002,0.39609249058878043,0.2774068388079763,0.3252233514168164
1.000000000000002,-0.10181933261546819,0.2871867510214473,-0.11645689448897587
1.000000000000002,0.5015401012529432,0.2695937331533998,-0.1802004412761822
1.000000000000002,0.11132776040634765,0.3063061847636558,0.3566719529511671
1.000000000000002,0.10173465184144947,0.3080684204434838,-0.3586771679282806
1.000000000000002,0.492737314881547,0.30938245220373367,0.13993652131430362
1.000000000000002,-0.0665051134696895,0.3350448914986606,0.10033828044943983
1.000000000000002,0.37289956646164457,0.3258564583179356,-0.30338986135295987
1.000000000000002,0.2772282622592137,0.3523271831156887,0.3218431019364922
1.000000000000002,-0.0028798700143457335,0.35749269047145465,-0.20056678127700212
1.000000000000002,0.4793971383720286,0.34753859400413434,-0.047282070265067845
1.000000000000002,0.054982703293737445,0.3880859407614989,0.23056795068429317
1.000000000000002,0.21550908613837436,0.38068329239933485,-0.30107798338763553
1.000000000000002,0.3801661587022513,0.39356765776966773,0.18471546533242214
1.000000000000002,-0.004626927250668972,0.41089967355121293,-0.022331423890029074
1.000000000000002,0.3830498287368035,0.40642158259871686,-0.16639861556808477
1.000000000000002,0.1915695196999534,0.43431497228773447,0.2231327915707261
1.000000000000002,0.11934443188452636,0.4412766365917151,-0.18876501910323243
1.000000000000002,0.37533114535304024,0.4406689560631682,0.031241503888626197
1.000000000000002,0.10087538394327689,0.46796482098372616,0.07995011520830485
1.000000000000002,0.25806434333810024,0.46275892556236825,-0.13933167200728913
1.000000000000002,0.2561174261711999,0.4813583599445613,0.07895919252705548
1.000000000000002,0.2238664792903849,0.4864041666661292,-0.012980135006156338
1.000000000000002,0.12536760063666594,-0.37456552752453337,-0.002587813832794289
1.000000000000002,0.16177703132918425,-0.3660314502408759,0.05598761273574179
1.000000000000002,0.03486524370559624,-0.36371161595994694,-0.015581399302047388
1.000000000000002,0.21026681196157324,-0.3503265245417775,-0.07552544556928995
1.000000000000002,0.09876576963399482,-0.34653915739073493,0.14605501514356836
1.000000000000002,0.04894038950084463,-0.34493582000530415,-0.14629222727766222
1.000000000000002,0.26765958659058825,-0.3238370380659506,0.049399374012255755
1.000000000000002,-0.02365499323731046,-0.32858946883957346,0.09341074151841544
1.000000000000002,0.18800102953930817,-0.31807295529520097,-0.18840863297376287
1.000000000000002,0.19266183551225002,-0.30319395456618337,0.1982406677149199
1.000000000000002,-0.05212814502861137,-0.3091469484414297,-0.10030284414517644
1.000000000000002,0.31387337014248096,-0.27872205245579307,-0.06738281122380016
1.000000000000002,0.020031501603233963,-0.2934328673852642,0.2139137146125228
1.000000000000002,0.07362627522941113,-0.27827096571207327,-0.2506507999707183
1.000000000000002,0.30149145928179083,-0.2621124275779761,0.14593577786010778
1.000000000000002,-0.10761919350110288,-0.272172901520154,0.03166042516805337
1.000000000000002,0.27474839232303877,-0.24524584570571878,-0.1979627060916905
1.000000000000002,0.12791500626251942,-0.2439198836886674,0.28577254757015097
1.000000000000002,-0.05485278797668887,-0.2488023258085352,-0.20747596655669368
1.000000000000002,0.37275189319207985,-0.2183557091689217,0.013756897418631123
1.000000000000002,-0.07661192293012532,-0.23055103092887866,0.1892516805155167
1.000000000000002,0.15745831750592681,-0.21484216214212493,-0.2981790839141733
1.000000000000002,0.27235609988263765,-0.2072995382985745,0.2481346521219541
1.000000000000002,-0.14361965023056653,-0.2039597296271329,-0.07724342509434665
1.000000000000002,0.34772462936646154,-0.18608675348379822,-0.14905192154936278
1.000000000000002,0.03446544423983175,-0.1902849834740689,0.31180211797645246
1.000000000000002,0.005063834604839882,-0.17204847985622793,-0.3093097577004989
1.000000000000002,0.3796024505206186,-0.14853249034002872,0.1200412676798329
1.000000000000002,-0.1566190038287644,-0.16189057311998634,0.11379272577849739
1.000000000000002,0.2535480655543285,-0.15378677924718753,-0.29387008791776786
1.000000000000002,0.2043223067622262,-0.15272140512547053,0.3283150795449797
1.000000000000002,-0.12451678899237545,-0.14466387075788262,-0.19571741323170588
1.000000000000002,0.40539115070981024,-0.11147464304305144,-0.04897065591241918
1.000000000000002,-0.06591469204550661,-0.13113070784046732,0.2819580594517611
1.000000000000002,0.09799113718988861,-0.1177275983321285,-0.35428767885371165
1.000000000000002,0.34064234055773096,-0.0952151083055051,0.23008288944215496
1.000000000000002,-0.18640653117738618,-0.10148685877341654,-0.008513802952856381
1.000000000000002,0.34641109814627474,-0.09458402942533978,-0.22597361346087105
1.000000000000002,0.09412357899576163,-0.08771867145309978,0.3651780425150884
1.000000000000002,-0.0694740379826706,-0.08370734845731266,-0.3026037080302725
1.000000000000002,0.4195454137205863,-0.045508610946097226,0.05202341145110251
1.000000000000002,-0.1459583745736779,-0.07275484677444527,0.20368705960490063
1.000000000000002,0.2057737310733912,-0.05320426273091641,-0.34653971142267453
1.000000000000002,0.27121224004512295,-0.04435961536277216,0.3302053035351043
1.000000000000002,-0.17827891117934982,-0.046286688689394735,-0.13706413689832422
1.000000000000002,0.4068742703040888,-0.02781831730636053,-0.12056956208779596
1.000000000000002,-0.013636397349760646,-0.0324770998469483,0.3426247775465641
1.000000000000002,0.03246184911642157,-0.016051352913944727,-0.36018108614213906
1.000000000000002,0.3858260569232452,-0.004399539842395572,0.16861535302918945
1.000000000000002,-0.19563715714905971,2.2176517926647248e-05,0.0754654430758396
1.000000000000002,0.30695798185137385,-0.0007907709843118508,-0.2939875092834687
1.000000000000002,0.1655154663905974,0.010134632272351795,0.3732701207985452
1.000000000000002,-0.12379931296138598,0.023248659868117978,-0.24800678096972698
1.000000000000002,0.4202384183715498,0.0018560194906471073,-0.007509385056999355
1.000000000000002,-0.11039081779028992,0.027569045070859687,0.2591478507760398
1.000000000000002,0.13716314242661226,0.044812077509571537,-0.3676054596755012
1.000000000000002,0.31495883562207133,0.050179237087858555,0.27109846608403326
1.000000000000002,-0.19741791397993239,0.058843023403463805,-0.054300422085919335
1.000000000000002,0.3736201879279091,0.05092964065526482,-0.18882822713008923
1.000000000000002,0.054402857450266705,0.07326705217125178,0.3610267709622028
1.000000000000002,-0.02767214742816125,0.08013110435743892,-0.31874719215975184
1.000000000000002,0.4026900994969273,0.07938634332873118,0.09159022147871947
1.000000000000002,-0.16489698824143448,0.09594416313401206,0.161240324107616
1.000000000000002,0.24677407566749024,0.09634414119173759,-0.31858400046319313
1.000000000000002,0.22021282061994,0.10499706870430592,0.33252850505180404
1.000000000000002,-0.1432906321938417,0.1233800253448874,-0.17298876703204863
1.000000000000002,0.40680688646491847,0.10388090081235805,-0.0783300110437174
1.000000000000002,-0.03964291803299428,0.1282120897499258,0.30184352407716114
1.000000000000002,0.078998989925249,0.1414739935648638,-0.3420872641553836
1.000000000000002,0.3471441829560968,0.13968730439325622,0.19247064995901608
1.000000000000002,-0.16800962562229838,0.168360495150412,0.030620858157661943
1.000000000000002,0.3193314307359192,0.16251968423801194,-0.2327685303929273
1.000000000000002,0.1271652638698428,0.16475117655203314,0.33534758141075166
1.000000000000002,-0.06415659609497196,0.19260486088249637,-0.2497581138816713
1.000000000000002,0.3906559944859276,0.16618217366884286,0.018695079261470366
1.000000000000002,-0.10151583409042814,0.18791626416969612,0.20045307409728558
1.000000000000002,0.17665224857867157,0.19891839072112,-0.30751169298691666
1.000000000000002,0.26439461086158744,0.19833914380659104,0.255339304528453
1.000000000000002,-0.13062711416142536,0.22287003274860587,-0.07782007488678222
1.000000000000002,0.3486784769256015,0.21149609849244477,-0.13069526227501685
1.000000000000002,0.03557940496468565,0.23523325899282826,0.2802565175430108
1.000000000000002,0.030308938667991853,0.24609693288932558,-0.26863767724921916
1.000000000000002,0.3332833310495249,0.23569575305124477,0.11690357800369507
1.000000000000002,-0.10721328763263178,0.25654608973215776,0.08315709289032895
1.000000000000002,0.2391912241691476,0.2529433894377409,-0.22386995187600528
1.000000000000002,0.1736488704423939,0.2763740230107299,0.25535668013766943
1.000000000000002,-0.048740224011983115,0.2817757689033205,-0.15541163173359804
1.000000000000002,0.32530718881896586,0.2729878703293723,-0.029276626791125623
1.000000000000002,-0.008641536252680696,0.2989211657647221,0.18225520692577327
1.000000000000002,0.11884998804586157,0.2989262606386119,-0.2348452611247723
1.000000000000002,0.2530024184768779,0.30056958017630875,0.14058807663425507
1.000000000000002,-0.051062853841562006,0.3289876306698825,-0.017134352503248046
1.000000000000002,0.24952633198549798,0.3139041178058092,-0.12719800750441312
1.000000000000002,0.10446717919072881,0.3327883273624952,0.1692300416273559
1.000000000000002,0.04164642661285352,0.3446571396635199,-0.14033626885987074
1.000000000000002,0.2526986357358669,0.34030808808172064,0.03170882225741092
1.000000000000002,0.02837789206103008,0.3622582720479342,0.05855899809018393
1.000000000000002,0.1531337650677105,0.36289518145583965,-0.10927001663880617
1.000000000000002,0.15257836510914882,0.37090835779633574,0.05707127956309149
1.000000000000002,0.12169131041575727,0.3818680636072283,-0.0022931791442395407
1.000000000000002,0.05980890824125518,-0.2427473272337022,-0.04970981886346978
1.000000000000002,0.09175123477979229,-0.24048815169231955,-0.014325325267426709
1.000000000000002,-0.013345871194051295,-0.23523166066772214,-0.05607090770672789
1.000000000000002,0.13264394392108145,-0.21269151550560192,-0.09444960480851251
1.000000000000002,0.04431364544466228,-0.24021705018024533,0.04309344028171605
1.000000000000002,-0.0017610832433815461,-0.20191262290930398,-0.12704755173328727
1.000000000000002,0.17586375366194718,-0.213669377106052,-0.006797323328954394
1.000000000000002,-0.059248947461009976,-0.21436584875744988,0.020400585117197757
1.000000000000002,0.10243183187359416,-0.17474711790549005,-0.14994861840818735
1.000000000000002,0.11297162821793845,-0.22041517237838415,0.08543656435952007
1.000000000000002,-0.08549452665467103,-0.18398353742931925,-0.10389080626334028
1.000000000000002,0.21048289592880895,-0.17306362012930948,-0.07585953760681875
1.000000000000002,-0.025024582141349682,-0.21834601331502607,0.10205068787537633
1.000000000000002,0.022009909691211894,-0.15011469051623275,-0.19409772557382268
1.000000000000002,0.2027244726835953,-0.18731807649868976,0.056009895697352055
1.000000000000002,-0.13052929190163293,-0.1781458385921864,-0.010428812732410732
1.000000000000002,0.1795379797946206,-0.14183098620313336,-0.16432722423754656
1.000000000000002,0.067904400459953,-0.2008165469111519,0.15363079420891854
1.000000000000002,-0.08185165590723538,-0.13088937949628418,-0.17054435707678037
1.000000000000002,0.255496102634626,-0.14855791450389272,-0.011391515370711466
1.000000000000002,-0.10062098098650257,-0.17288264520008467,0.10220692476098418
1.000000000000002,0.08545921192976504,-0.10426421222232615,-0.22277206272630262
1.000000000000002,0.1795132539789869,-0.16041754894170843,0.1362563865859683
1.000000000000002,-0.15401527665812884,-0.1322881322790946,-0.06708080934845041
1.000000000000002,0.2531881958851253,-0.09951487491340688,-0.12326471420436748
1.000000000000002,-0.007605097178000204,-0.1599907234399602,0.18127799904654116
1.000000000000002,-0.034737333584473534,-0.08359989371788129,-0.21354054546077678
1.000000000000002,0.266745959534005,-0.11366063504771903,0.06119840904440689
1.000000000000002,-0.16118288581653495,-0.12974199271806627,0.052015316049087254
1.000000000000002,0.1718053917199935,-0.05300622614435241,-0.21814604197032367
1.000000000000002,0.12113973412893012,-0.13368654134773159,0.19057066522356927
1.000000000000002,-0.1465650340439523,-0.06810802470627017,-0.1427039510874788
1.000000000000002,0.28617390840324364,-0.07039596008778683,-0.04231441971908836
1.000000000000002,-0.08808321825753976,-0.11437292142073414,0.16842591588194927
1.000000000000002,0.04232359170121337,-0.03403886747557558,-0.2542088250850996
1.000000000000002,0.2422707594610663,-0.09331964950572552,0.14191522498586298
1.000000000000002,-0.1904670635170443,-0.06594786597583331,-0.007942929991163115
1.000000000000002,0.24170056267802184,-0.041044717586788224,-0.15488723858226489
1.000000000000002,0.03700709359988348,-0.10297722107300057,0.22500797995271635
1.000000000000002,-0.09736232229661702,-0.015726016822552296,-0.20142453262487256
1.000000000000002,0.2990425358012155,-0.036021141684519704,0.029453539994232957
1.000000000000002,-0.16067490360648592,-0.0655577177682585,0.11531229741990297
1.000000000000002,0.13305715091405487,-0.00028841195333683306,-0.23973531599145947
1.000000000000002,0.1732860722534765,-0.06658962864050792,0.199880863470067
1.000000000000002,-0.18041932945086525,-0.011099486628969854,-0.08241403837164547
1.000000000000002,0.2853699352338066,-0.006809319135869195,-0.08218864055305758
1.000000000000002,-0.053461098909275424,-0.049985350011334154,0.2174233978359037
1.000000000000002,-0.01185102443646745,0.022340039761799577,-0.23906281898705073
1.000000000000002,0.28299456452230454,-0.022312176441128873,0.10359012215973139
1.000000000000002,-0.19561648623505107,-0.0037137233286705707,0.05091733131621913
1.000000000000002,0.21440009456790848,0.02564768399840908,-0.18933494475274834
1.000000000000002,0.08660357826229724,-0.02325668303391441,0.2413256793899209
1.000000000000002,-0.13961615804545097,0.03603595993182255,-0.15686619817261457
1.000000000000002,0.30485845347207124,-0.004440917617520101,-0.007279768570080643
1.000000000000002,-0.12454530118428055,-0.0019640680505448845,0.17269907107161162
1.000000000000002,0.07000298685043659,0.07030745197730952,-0.23613559744531948
1.000000000000002,0.21932535380335136,0.002944113008643475,0.18447602476135772
1.000000000000002,-0.19454341967244934,0.04643277848495278,-0.02614963851302964
1.000000000000002,0.26131149075716964,0.06393959918970159,-0.12056999086069868
1.000000000000002,0.0004705412784956974,-0.0009297053441873352,0.24384753153989583
1.000000000000002,-0.060294754716604164,0.09649265535310488,-0.20584887757449064
1.000000000000002,0.2913576879731032,0.03744906624182913,0.0697312185714951
1.000000000000002,-0.17464651414956556,0.0501288976604422,0.1141054171621156
1.000000000000002,0.15686257223635214,0.10240860479614453,-0.20087297862844142
1.000000000000002,0.13982091389339568,0.03320665553880989,0.2292372049580274
1.000000000000002,-0.1580988979914107,0.10042113611793728,-0.09420139965266383
1.000000000000002,0.2881205515669677,0.07828972389747985,-0.04220599217025593
1.000000000000002,-0.0729915217200875,0.05525833021712836,0.20477262963087423
1.000000000000002,0.024152712920772815,0.12980544726634885,-0.2080174893105935
1.000000000000002,0.2428129649929236,0.06579323031037347,0.1490788581974017
1.000000000000002,-0.1745091403903079,0.09854018017762724,0.04079914438409723
1.000000000000002,0.21631220111983698,0.1322164631902616,-0.13551157814039402
1.000000000000002,0.0569989714903959,0.06438710328676125,0.23617014953575577
1.000000000000002,-0.08987265537059372,0.1616999937480632,-0.13341067406939042
1.000000000000002,0.2777508327799554,0.09570831469302077,0.04352091193589811
1.000000000000002,-0.11969225887043443,0.09759857555759063,0.15975920765624113
1.000000000000002,0.10147001977446601,0.18286095974941863,-0.17014640173716655
1.000000000000002,0.17396180658461793,0.097360470700437,0.19798399520372417
1.000000000000002,-0.14602359383675237,0.15695679591751546,-0.02616106876787148
1.000000000000002,0.24345664741391518,0.15193141698272386,-0.04766368180306928
1.000000000000002,-0.011907166537363,0.11142723343892537,0.2104748917760151
1.000000000000002,-0.017873359144999438,0.19071908955951156,-0.14692638711132877
1.000000000000002,0.2346952663311829,0.13178782734599892,0.09432866477055898
1.000000000000002,-0.12295634140727253,0.1550954653409375,0.08792107496560848
1.000000000000002,0.15687675467882584,0.19207816324202714,-0.11510708954215731
1.000000000000002,0.09670781287851099,0.13274634029571608,0.20236616230382748
1.000000000000002,-0.08155218824575808,0.20202704564997762,-0.05914675320195254
1.000000000000002,0.22493086662993395,0.18150983603020276,0.013697351744445698
1.000000000000002,-0.051600000017766545,0.1633382169080478,0.15848911513052766
1.000000000000002,0.05413765243444672,0.22813107682966574,-0.10371516857647643
1.000000000000002,0.1584208652982392,0.18136291653102615,0.14309679702121092
1.000000000000002,-0.07892461067969256,0.20791433641825813,0.03412578956117482
1.000000000000002,0.16439700028126292,0.22483686949739326,-0.03221524789806092
1.000000000000002,0.04231366864431549,0.18085965792108918,0.15264199218442617
1.000000000000002,-0.005693769154861872,0.24402778543393785,-0.038121330685356086
1.000000000000002,0.16167671495672653,0.2196666641117777,0.06420241187734492
1.000000000000002,-0.01663585378319621,0.23135752146304583,0.09024740610853005
1.000000000000002,0.08063082978700642,0.2426099491918642,-0.025497492764488008
1.000000000000002,0.08296663672140718,0.22246953045578965,0.0882295321563343
1.000000000000002,0.0656711577627518,0.24802913347054156,0.04237145009375175
1.000000000000002,0.0028466648502688424,-0.10718621186444863,-0.04805183271114231
1.000000000000002,0.031332409453228294,-0.11758168637986871,-0.03169989436264498
1.000000000000002,-0.05112271916250136,-0.0985292836893542,-0.05547639008341859
1.000000000000002,0.06702242534250309,-0.0893616221129698,-0.06956993979126998
1.000000000000002,-0.0059712140154649235,-0.11607827866005191,-0.009378761085107608
1.000000000000002,-0.03827346090636488,-0.07660362674746607,-0.10218122947219431
1.000000000000002,0.10159568743926306,-0.1059050106479255,-0.030915902967733895
1.000000000000002,-0.0849911154976268,-0.11291622127132757,-0.02429173957177765
1.000000000000002,0.0428268353110816,-0.06353456226213769,-0.10518424439429476
1.000000000000002,0.048729610881433606,-0.12701900113842327,0.010407734280960255
1.000000000000002,-0.10899100235678041,-0.07957831409442175,-0.07486004074024435
1.000000000000002,0.1276305107726438,-0.06953378659232606,-0.05446241167865766
1.000000000000002,-0.062343984339278534,-0.11389071470294487,0.02373004871466649
1.000000000000002,-0.027142335548590704,-0.046331797774177695,-0.11190967307133423
1.000000000000002,0.11633842806367548,-0.0921739067884572,0.007461149282676982
1.000000000000002,-0.13984395102640262,-0.08080855674377829,-0.030717549015686046
1.000000000000002,0.10064088851857997,-0.04605987687379206,-0.10086939750427994
1.000000000000002,0.010536626298613287,-0.11176307408273932,0.04681293826257642
1.000000000000002,-0.10429081398960895,-0.037201823623041655,-0.08882686153110328
1.000000000000002,0.15964926912066638,-0.06681801048206383,-0.026638064677971078
1.000000000000002,-0.12390835631703724,-0.09285938106065267,0.02217495731347407
1.000000000000002,0.025601553707423483,-0.02707665461947921,-0.11043846400765475
1.000000000000002,0.10476609566980231,-0.09125497377593335,0.04466837570880681
1.000000000000002,-0.1683626973697533,-0.05027169076642569,-0.03829447305683369
1.000000000000002,0.1555165536550467,-0.029958861867419435,-0.07037873596196625
1.000000000000002,-0.04557484421949916,-0.0938164295023586,0.06373083102161997
1.000000000000002,-0.06777198405836608,-0.009963052891852097,-0.10754759373445183
1.000000000000002,0.17265561524289114,-0.06046753098032958,0.015205200068586696
1.000000000000002,-0.1727979622454232,-0.06593492199507232,0.009200097648388084
1.000000000000002,0.09173887341906674,-0.00622002374486366,-0.11157131867640768
1.000000000000002,0.05760961437308788,-0.0784037136522913,0.07837518541062627
1.000000000000002,-0.15793606090896048,-0.02138157765766599,-0.07033593404680188
1.000000000000002,0.19389814398131408,-0.02390788226575398,-0.021471514985292425
1.000000000000002,-0.11457300032194939,-0.08019602700973379,0.061303004349574745
1.000000000000002,-0.003314630850730422,0.01479283558658792,-0.11791458474504653
1.000000000000002,0.14744050098248845,-0.06276447625427227,0.0571282279252177
1.000000000000002,-0.1896846928746314,-0.03610546895745691,-0.013622625122797959
1.000000000000002,0.1528165654486951,0.006748932933009974,-0.07564963068399055
1.000000000000002,-0.013174159429181612,-0.07260091189818134,0.0947430458140208
1.000000000000002,-0.12034305742851319,0.02260213441380969,-0.09837072916906786
1.000000000000002,0.19526683667427963,-0.010238672886227047,0.009809516564149147
1.000000000000002,-0.1714163097464317,-0.048298934080973056,0.044316900776485986
1.000000000000002,0.059451826077561255,0.038124388831562196,-0.11006985331065831
1.000000000000002,0.09508704036634079,-0.0537549241541816,0.09302490327838317
1.000000000000002,-0.19006350715727102,0.0011205624554332606,-0.0487845111625918
1.000000000000002,0.18412679337932908,0.005882499199539817,-0.03297623195385238
1.000000000000002,-0.0831401860297906,-0.06047907701311269,0.09653011006260111
1.000000000000002,-0.054677249235976694,0.038427465805166316,-0.10991918565492047
1.000000000000002,0.17860875482295313,-0.024071103158358614,0.04744750834088828
1.000000000000002,-0.19847318900469713,-0.00941309231931645,0.023187674178809226
1.000000000000002,0.13058331056729855,0.043459111877053064,-0.0880305212264335
1.000000000000002,0.028704187219862686,-0.05034761993704401,0.106167235376073
1.000000000000002,-0.1518188506786733,0.03932199684448956,-0.07633843775184031
1.000000000000002,0.19907529044422306,-0.0008026290489642138,0.0019738442423255383
1.000000000000002,-0.13842374692153392,-0.022399061195025334,0.08237186248227432
1.000000000000002,0.020407293140916195,0.06732560577329877,-0.10626229375088375
1.000000000000002,0.14016093670719681,-0.026787428325193735,0.08619140472136393
1.000000000000002,-0.20356145401339504,0.025495823624645836,-0.010638789746890658
1.000000000000002,0.1658812044874906,0.04245147315193618,-0.044595467403805475
1.000000000000002,-0.03697603189073915,-0.0407050743136115,0.1140581063065239
1.000000000000002,-0.09161249425489582,0.0805740690344493,-0.07832019577814359
1.000000000000002,0.19066898033825522,0.010407033568628245,0.038972586792550196
1.000000000000002,-0.17778720215252675,-0.0009098780060730938,0.060900173788845616
1.000000000000002,0.08196901841824528,0.09089390146374687,-0.08326177451258421
1.000000000000002,0.07172101169759554,-0.023466186079917208,0.11632716582486737
1.000000000000002,-0.16956832933980792,0.06895792443859618,-0.03248435036333438
1.000000000000002,0.18676966434094996,0.043373265681533255,-0.006805375605345002
1.000000000000002,-0.0976406845463304,-0.008772984027865579,0.11357704623801411
1.000000000000002,-0.027649034328981515,0.10171763474843719,-0.0761287505295769
1.000000000000002,0.15688035853791435,0.007951848730205534,0.08104727971128622
1.000000000000002,-0.182478416482241,0.043208654301320946,0.0369470986848479
1.000000000000002,0.12635453504244326,0.08065312613889548,-0.04635056613012026
1.000000000000002,0.001217153879411961,0.000708209676746649,0.12887560093477549
1.000000000000002,-0.11842543016022151,0.09750185730155869,-0.04303197014269807
1.000000000000002,0.17650691596009133,0.03610787890592616,0.030678711985518987
1.000000000000002,-0.13465632798905663,0.027337360793398727,0.09198887197437845
1.000000000000002,0.03980277237329032,0.10380057803672026,-0.06087389965703368
1.000000000000002,0.09427265887826876,0.01927532025688368,0.11142704805998534
1.000000000000002,-0.15420014599586385,0.08129060838589625,0.01313975992948827
1.000000000000002,0.15117545639608923,0.08569550577229747,-0.0006537778768135323
1.000000000000002,-0.050722101721486286,0.029069108130759302,0.12510860209636387
1.000000000000002,-0.055236660650654745,0.12050617698067248,-0.03951864238939477
1.000000000000002,0.14002295417818905,0.05044866949662323,0.06704487429323304
1.000000000000002,-0.13906792674787677,0.06638349435433166,0.062090509878157396
1.000000000000002,0.08009718104126287,0.1064316257141978,-0.022476986954322955
1.000000000000002,0.038741410030611705,0.042704072092824216,0.10791404585684214
1.000000000000002,-0.10709869676866063,0.10461300502285595,0.0018765222963999448
1.000000000000002,0.13836940110464635,0.07752818651967525,0.03302308228764596
1.000000000000002,-0.08248361866984501,0.05788511269710068,0.09438956336257168
1.000000000000002,0.0050878684876064905,0.11292325470180496,-0.025414518875716063
1.000000000000002,0.09204142409237526,0.05900650427956315,0.08635614578326253
1.000000000000002,-0.10750331678217624,0.0870112876784052,0.04721070667212149
1.000000000000002,0.08899432283488043,0.10738602956127132,0.014699805610209121
1.000000000000002,-0.006824335886320872,0.07195942714640348,0.09796038256157501
1.000000000000002,-0.04670954402294073,0.11692652994503792,0.014626100051860585
1.000000000000002,0.0820150968850629,0.08654822440298018,0.05357587708795804
1.000000000000002,-0.053183598685347354,0.09335518339934322,0.07370532884324052
1.000000000000002,0.029770260604299836,0.11917759346670526,0.029019041976994068
1.000000000000002,0.019999580199457762,0.09406903731186092,0.07314772766648407
1.000000000000002,0.00673331332482124,0.11113037440338012,0.05734707618847646
1.000000000000002,-0.026156632096225995,-0.024577827634345937,-0.025918782204979805
1.000000000000002,-0.008320542085420737,-0.02854177908865993,-0.01972190124101947
1.000000000000002,-0.08099918115241368,-0.02349046937326737,-0.0383747324475474
1.000000000000002,0.00596316332537029,-0.014731439277146716,-0.02367986952664069
1.000000000000002,-0.04547111069423426,-0.0350675870555365,-0.018266540070555826
1.000000000000002,-0.0704039258823767,-0.01905380837756378,-0.036585724659232724
1.000000000000002,0.04973971254457739,-0.03426308878578983,-0.019660367268657483
1.000000000000002,-0.10786416022705878,-0.028308921195912173,-0.014287768594595181
1.000000000000002,-0.0007581175674092895,-0.012127834107669015,-0.038958705933062415
1.000000000000002,0.004153333610553536,-0.03602799976197024,-0.011956352436335945
1.000000000000002,-0.1231845755423002,-0.01755439248285742,-0.034542345686042863
1.000000000000002,0.06097089977708422,-0.018762167460492564,-0.02748575097025334
1.000000000000002,-0.08401355518619565,-0.03944335926884268,0.003967446477644551
1.000000000000002,-0.0570951430070241,-0.006126915918835319,-0.0363988265268262
1.000000000000002,0.06339575269497748,-0.031062288179328358,0.0033144213972378924
1.000000000000002,-0.14952272570566963,-0.015144140505373629,-0.009016324475815955
1.000000000000002,0.04528701640056883,-0.006870394459774752,-0.03769252174706365
1.000000000000002,-0.02588478443135765,-0.035289146393412504,0.004708680732399653
1.000000000000002,-0.12737406847156343,-0.009931828756365056,-0.03655413710731248
1.000000000000002,0.08942302439134016,-0.020702396288371946,-0.012488778773212892
1.000000000000002,-0.1324470097473334,-0.03044938747671801,0.0007985891015266024
1.000000000000002,-0.01739306800493377,0.0046312586266028235,-0.0328171203550015
1.000000000000002,0.04424131044984175,-0.026232480772921573,0.002399734194059455
1.000000000000002,-0.1711408235499929,-0.008768641172863386,-0.025571313675518067
1.000000000000002,0.08590520581156805,0.0006910654744621684,-0.037129525640377664
1.000000000000002,-0.07603174439326789,-0.03763764618517057,0.00885690682405883
1.000000000000002,-0.09501649911178507,0.003316325273970859,-0.043833962448322716
1.000000000000002,0.0975745828729956,-0.023678586165487178,-0.012869280720930997
1.000000000000002,-0.1732595874514423,-0.017995988444609617,-0.0016044576052135827
1.000000000000002,0.0347528604600415,0.013696530653546833,-0.035233941369738175
1.000000000000002,0.00528462012856024,-0.027290257942850657,0.004965482285505092
1.000000000000002,-0.1631529595429445,0.004988554905469667,-0.021139421805755166
1.000000000000002,0.11257447647583237,-0.005419109566608866,-0.010768359211399703
1.000000000000002,-0.12712936603945824,-0.03851709477320456,0.010255526834657037
1.000000000000002,-0.049925822817369715,0.015546813213048948,-0.03678198075051053
1.000000000000002,0.08467081795912446,-0.029706063029190485,0.00544122427496118
1.000000000000002,-0.19054641334685915,-0.007175378513908899,-0.012694659872648322
1.000000000000002,0.08414866171016401,0.005533698241111342,-0.016850623917206063
1.000000000000002,-0.051342446331825047,-0.0436953518070416,0.018253575494325446
1.000000000000002,-0.13064393968965066,0.01826778827698805,-0.02833714863726882
1.000000000000002,0.12013437605539415,-0.012841810996940251,0.0008396751542897767
1.000000000000002,-0.1698978419902465,-0.025508556392986447,0.006253731369054312
1.000000000000002,0.010236337643932818,0.029037527918051594,-0.028391277490608918
1.000000000000002,0.03705657965799246,-0.027178803908146566,0.025156089550666987
1.000000000000002,-0.18487376428768906,0.004969721226008029,-0.01482487657074657
1.000000000000002,0.11305682557779946,0.010345610160784391,-0.013579026818165143
1.000000000000002,-0.10064909089624816,-0.02883543967242487,0.020721277935406002
1.000000000000002,-0.0822156946276535,0.028892852603025567,-0.025040796507231643
1.000000000000002,0.10912853496434985,-0.012367166931831066,0.011537606443685263
1.000000000000002,-0.19686173100292348,-0.005125401804950499,0.0037947744129171327
1.000000000000002,0.05839645654916027,0.02100401978437563,-0.01950641667379748
1.000000000000002,-0.00799423052485029,-0.02234056816780109,0.024989244719815607
1.000000000000002,-0.16137242676562719,0.016113280457807307,-0.012527712504697532
1.000000000000002,0.12182454303262516,0.0005619335571703105,-0.0007115428917535373
1.000000000000002,-0.15280938253564447,-0.01177978685361394,0.013347201720340315
1.000000000000002,-0.02379680626478299,0.019457846634309953,-0.021150664183294608
1.000000000000002,0.07233622779836253,-0.004462209500301181,0.01247545590183727
1.000000000000002,-0.1959674884351642,0.01386056826442324,-0.0022996437873973098
1.000000000000002,0.1007551388003886,0.008939499653921157,-0.018432565453458206
1.000000000000002,-0.06865334603099427,-0.02189091477274974,0.024131729720402745
1.000000000000002,-0.11177967461759962,0.029126801745903527,-0.01899258649504036
1.000000000000002,0.11509819079008597,0.0034978801164001413,0.015221233688689615
1.000000000000002,-0.17931593723418182,-0.005667823381880626,0.011698581607617303
1.000000000000002,0.02611615804785558,0.0365935872732794,-0.017335560239090615
1.000000000000002,0.02296179219832971,-0.011076538707063112,0.04102653642738725
1.000000000000002,-0.17179631003359094,0.024429675088370014,0.00042813850651060136
1.000000000000002,0.11191646787075972,0.013379841758017734,0.005927029747415642
1.000000000000002,-0.109720050980685,-0.02490085425862899,0.0405078894398911
1.000000000000002,-0.05993172990799464,0.03871822652177649,-0.011753170796325206
1.000000000000002,0.083908801323741,-0.00621043738253578,0.02067987711623303
1.000000000000002,-0.18705681806053573,0.017249942971385997,0.015837587696404674
1.000000000000002,0.06575277792823603,0.028980809141075703,-0.004263325281228304
1.000000000000002,-0.030609901591756347,-0.007861185809241946,0.03432264514415009
1.000000000000002,-0.12828272642865815,0.02889169563879909,-0.005531997480426376
1.000000000000002,0.10373538103198636,0.018733516948606335,0.011346341933887767
1.000000000000002,-0.15187942024054762,-0.000392677341051859,0.030344100116778183
1.000000000000002,-0.004703157729987774,0.04153012409990581,-0.009684414456963062
1.000000000000002,0.03900999489127414,-0.002309887032095053,0.03245230843970364
1.000000000000002,-0.16647997915562163,0.02645492102997925,0.011918511225404398
1.000000000000002,0.07954724219858093,0.023808535472960194,0.0037724128456288935
1.000000000000002,-0.07854777465917531,-0.008176708819719805,0.03691946691338951
1.000000000000002,-0.07896217656850046,0.04289708275729093,0.0048032396824282605
1.000000000000002,0.08470032643451865,0.008158804351710583,0.02842883806655257
1.000000000000002,-0.15383438526739948,0.0011541622774763045,0.027772232047225585
1.000000000000002,0.021805437273499317,0.03332352486473101,0.00669367152226312
1.000000000000002,-0.008695893466136419,-0.013207026565378746,0.04243522692181662
1.000000000000002,-0.12203268120815483,0.02197770078729266,0.011605374636689777
1.000000000000002,0.0744969114988252,0.02231690365599574,0.02074846155404552
1.000000000000002,-0.1023236318493023,0.005649055524354185,0.038403042451718904
1.000000000000002,-0.03493434193073169,0.03797813473851517,0.009432788400246235
1.000000000000002,0.03588875693290398,0.01051199716676077,0.0341529604603774
1.000000000000002,-0.12705940619671088,0.021525058381822528,0.01787871463089113
1.000000000000002,0.03696874997048817,0.027937585662402873,0.014356023321046348
1.000000000000002,-0.04390562853621528,0.0032050883974502954,0.03502739263821061
1.000000000000002,-0.07358218939393903,0.025954481835741654,0.012962419496776682
1.000000000000002,0.03461358253652584,0.014351166864840639,0.029690152091502456
1.000000000000002,-0.07973906782890083,0.01681907552702899,0.03587614563737013
1.000000000000002,-0.01805485402293786,0.02099167821138484,0.01844232373130474
1.000000000000002,-0.01522885028502715,0.01873718398669506,0.02142625903215429
1.000000000000002,-0.03787217388015208,0.025183600562052967,0.025477487532735606
1.000000000000002,-0.09074355931395087,-0.10376201203911542,-0.07193861568160426
1.000000000000002,-0.06792124273818574,-0.1142347973792696,-0.05070701873007232
1.000000000000002,-0.12384772176517395,-0.09755671483576452,-0.05925329131416729
1.000000000000002,-0.061110695406427884,-0.08592380790007532,-0.08460538579099772
1.000000000000002,-0.09730138845509617,-0.11744507192713856,-0.0250153759416439
1.000000000000002,-0.1151385145436486,-0.06955330295178196,-0.10175179583697752
1.000000000000002,-0.038922086906463954,-0.10410452386823067,-0.05342014538420416
1.000000000000002,-0.13725455809584713,-0.11363995334688434,-0.039350443357327944
1.000000000000002,-0.06715018084123164,-0.05612595923860836,-0.11227221147000563
1.000000000000002,-0.06329372745271625,-0.1225232013941183,-0.001681732537349115
1.000000000000002,-0.1487401788461281,-0.06270127823374877,-0.08131738556653653
1.000000000000002,-0.03174891387996137,-0.07582562424406608,-0.07347232565823665
1.000000000000002,-0.12573117232821945,-0.11699986288333508,0.010643985882723389
1.000000000000002,-0.10805898416460018,-0.03522070711466865,-0.11994721452490656
1.000000000000002,-0.03327964232716002,-0.09691519281336543,-0.008467982528217923
1.000000000000002,-0.16313729085672557,-0.0835893106928936,-0.03826953334839644
1.000000000000002,-0.04032955813983197,-0.036739991496800545,-0.1037668212442473
1.000000000000002,-0.08848251075175284,-0.12310369440774795,0.03115893874332191
1.000000000000002,-0.14966925513543436,-0.030056549571002386,-0.10170823891563514
1.000000000000002,-0.005644634344188533,-0.05808743002669178,-0.03354434013110332
1.000000000000002,-0.15801609708854697,-0.09921188341696163,0.013611303132027585
1.000000000000002,-0.08132414669037262,-0.011295297640531598,-0.1268292909710173
1.000000000000002,-0.041600352639271386,-0.10694519933601573,0.03275186413017639
1.000000000000002,-0.17964065596753265,-0.04663995172377362,-0.05611576878797073
1.000000000000002,-0.011288234744725423,-0.026017563371391265,-0.07781020543255848
1.000000000000002,-0.12080356950570263,-0.10807788057369491,0.052522585603998945
1.000000000000002,-0.1329438731313397,0.001992675768740787,-0.11075220845480449
1.000000000000002,9.660620101637623e-06,-0.06835835971030305,0.015525854191718107
1.000000000000002,-0.18177553480882605,-0.07182903170876213,0.002508432545394391
1.000000000000002,-0.04481368830349491,0.0018849353703845263,-0.11838440076380345
1.000000000000002,-0.066709615217342,-0.10374513619380125,0.0763213958119171
1.000000000000002,-0.1757478729942643,-0.007935425172407091,-0.08594867855060993
1.000000000000002,0.007306753612025534,-0.02807328650906231,-0.036880674747255184
1.000000000000002,-0.15348716298296644,-0.0890198773638825,0.053674503104771364
1.000000000000002,-0.099491453232347,0.02464947376771658,-0.12692183450400027
1.000000000000002,-0.01666515738278238,-0.07604535613678387,0.045859792155466074
1.000000000000002,-0.19861640396708302,-0.030010126107925476,-0.012950628940959457
1.000000000000002,-0.013320217514494173,0.002957005602600554,-0.09022788635332586
1.000000000000002,-0.09975278604033588,-0.08433079953273724,0.10114370026077296
1.000000000000002,-0.15732080228800488,0.01860305178480637,-0.10921267646282228
1.000000000000002,0.010695409327206678,-0.0247334363149567,0.012840480572836108
1.000000000000002,-0.18184865436384262,-0.05119707794858627,0.0477785434182972
1.000000000000002,-0.059738785292111476,0.04493188049042602,-0.11780790506488095
1.000000000000002,-0.04311716637798324,-0.06699339945004751,0.07932068797751486
1.000000000000002,-0.19271899091989536,0.007227889212640211,-0.048904212909396665
1.000000000000002,0.007452940091211615,0.017322067388855257,-0.03817775109655287
1.000000000000002,-0.13455006558875007,-0.06395120267861706,0.09257940297632994
1.000000000000002,-0.1291986689660609,0.05735279077019072,-0.10770195538120174
1.000000000000002,0.005646983464732484,-0.02455583277504773,0.05106263757596077
1.000000000000002,-0.19184485956034592,-0.009334134787127909,0.01703867181207061
1.000000000000002,-0.027794446283448657,0.04888919217573279,-0.08657421291914745
1.000000000000002,-0.07767143265134116,-0.06494644525388027,0.10301833617909407
1.000000000000002,-0.16923153404321362,0.051750945252820875,-0.06372492721710944
1.000000000000002,0.01001191352735754,-0.0016782690567683975,-0.003220178490184829
1.000000000000002,-0.1680404653482153,-0.04527360093635618,0.08737802211746797
1.000000000000002,-0.08550304925802174,0.07757395654144068,-0.10611812338849348
1.000000000000002,-0.02517186678939314,-0.032299800566259744,0.08522413158583837
1.000000000000002,-0.19482622026255375,0.027087735130033656,-0.007682191785292048
1.000000000000002,-0.00182780515735518,0.04375487714761226,-0.050875732025310406
1.000000000000002,-0.11455235031509765,-0.04032956183179441,0.11006752127104195
1.000000000000002,-0.14347738526759457,0.07623623970128933,-0.08178545194740423
1.000000000000002,0.004701263696869907,0.008496004882892962,0.04321997106462855
1.000000000000002,-0.1833588209169035,-0.002652983562301918,0.0559824337919336
1.000000000000002,-0.04923865340713087,0.08640075758920879,-0.06704583624790698
1.000000000000002,-0.061197283408791374,-0.025662081966327983,0.11166421495769976
1.000000000000002,-0.18605333291051265,0.06650320698864831,-0.024950170887271656
1.000000000000002,-0.0023111188391573023,0.04306980534271598,-0.003568516845067497
1.000000000000002,-0.14541939804785955,-0.020365192267407895,0.10630986785596623
1.000000000000002,-0.10374226567012552,0.10627376911321745,-0.06993650309642838
1.000000000000002,-0.022430745126887378,0.004862049046366352,0.08906055769020813
1.000000000000002,-0.1919825992308237,0.04203902201992789,0.043903163238191184
1.000000000000002,-0.02678107250136036,0.08436854564093679,-0.03846271495376314
1.000000000000002,-0.09103824329963627,-0.011152527248920761,0.12888109835702888
1.000000000000002,-0.1517905436674935,0.09637035392068669,-0.03914355556433541
1.000000000000002,0.0018772115183538513,0.04364312041311866,0.03251195516197621
1.000000000000002,-0.16287349208478538,0.02790529654099454,0.09731018417461898
1.000000000000002,-0.0780206035867644,0.12290693592438667,-0.053610532893770706
1.000000000000002,-0.044910533643382246,0.01373652557308104,0.107747179733847
1.000000000000002,-0.17248437916798662,0.07866869639280571,0.014096218320164335
1.000000000000002,-0.014714153080963271,0.08321300418868201,-0.0006064922411769075
1.000000000000002,-0.12026324973777094,0.017513011442325494,0.1246508841817606
1.000000000000002,-0.12729323098792952,0.11847551112286771,-0.0224350644875296
1.000000000000002,-0.0235722928819599,0.04954240378757612,0.07219202130985504
1.000000000000002,-0.16572831119314416,0.06011442129309325,0.07267956460701552
1.000000000000002,-0.05172985418685785,0.11764545147058851,-0.02141286712587701
1.000000000000002,-0.07259450215683884,0.027469416489642823,0.11908732753799761
1.000000000000002,-0.1506963649749186,0.11446545302577296,0.012972175357905869
1.000000000000002,-0.01780113919390249,0.08073330699238787,0.04391326352196573
1.000000000000002,-0.1318984939873589,0.053046872643148536,0.10681521329299756
1.000000000000002,-0.0947050444500293,0.12326866559793305,-0.008152764529888851
1.000000000000002,-0.04376642207047709,0.06087223749242952,0.100472139503016
1.000000000000002,-0.14871103122970372,0.09871886732020287,0.05477004218460858
1.000000000000002,-0.04852325395490825,0.10825567916622776,0.028509671067032484
1.000000000000002,-0.09842281159545666,0.06718622356302213,0.10625548789331854
1.000000000000002,-0.11938148277551416,0.11879646368588616,0.027134991161691338
1.000000000000002,-0.047722793492044974,0.08880651274830048,0.06870514615362631
1.000000000000002,-0.12545905434059332,0.08974200222874164,0.08203553339041712
1.000000000000002,-0.08181697322188106,0.1294056959039875,0.04061709211943426
1.000000000000002,-0.07266868170961524,0.09333089613903496,0.08337081501658153
1.000000000000002,-0.0865571831394591,0.10668551973263424,0.07063021230667017
1.000000000000002,-0.12670281523779695,-0.10969439960454942,-0.008412480737045888
1.000000000000002,-0.11644773941936626,-0.11230988331697797,0.01029653713814311
1.000000000000002,-0.15011327446664033,-0.1085363657685942,-0.013621902555398172
1.000000000000002,-0.11188458461822182,-0.10194472469556942,-0.03416631479356632
1.000000000000002,-0.13353449381153734,-0.1072942986023354,0.03169190025018659
1.000000000000002,-0.14289012238814505,-0.09822814581020228,-0.057092146650089694
1.000000000000002,-0.09584620288362021,-0.10081665119469535,0.010268955176749396
1.000000000000002,-0.1544969188323253,-0.10322957938202272,0.015505016062465243
1.000000000000002,-0.11370757630772435,-0.08776296413304138,-0.06866075676099094
1.000000000000002,-0.11447174646270065,-0.10270307379563211,0.05129429000917305
1.000000000000002,-0.16846049329136348,-0.09078566651665952,-0.034756814289664706
1.000000000000002,-0.0841097053856179,-0.07818612093492873,-0.022519877096326163
1.000000000000002,-0.1500336888256766,-0.09307630028078684,0.05205960523387857
1.000000000000002,-0.13763221067752932,-0.07591481606304323,-0.08471245951370386
1.000000000000002,-0.08574780752474243,-0.08254489541493368,0.04000145812482634
1.000000000000002,-0.17985539807726145,-0.08221213502763071,0.00554711205114363
1.000000000000002,-0.09250503261117295,-0.07463498813127825,-0.06502421070961063
1.000000000000002,-0.12840598080034193,-0.08684931646056776,0.08053421387553197
1.000000000000002,-0.16482050161025738,-0.06882073218265626,-0.06784039964957235
1.000000000000002,-0.07313971591670347,-0.06231055571550143,0.003878252542276281
1.000000000000002,-0.16704581449868738,-0.07076462958013506,0.057011924358302345
1.000000000000002,-0.124453623691849,-0.05601285411464758,-0.10162526483412045
1.000000000000002,-0.09566989366431879,-0.0670378228467031,0.07259731663163634
1.000000000000002,-0.18458957870199758,-0.05978351917527701,-0.02744855879125997
1.000000000000002,-0.07117794750296517,-0.057357408130637964,-0.05082791898082412
1.000000000000002,-0.1460193191919042,-0.06389498647760027,0.09036621720282066
1.000000000000002,-0.15533399284190397,-0.04850444957746984,-0.09692740967797983
1.000000000000002,-0.0733799260372363,-0.04642478860618185,0.03803449358580239
1.000000000000002,-0.18616406268772281,-0.052666813666242346,0.03900808090387346
1.000000000000002,-0.09414424469291756,-0.04251522828616687,-0.10076265943060274
1.000000000000002,-0.10999399787919033,-0.05480533309995365,0.0914106773280741
1.000000000000002,-0.17875736068011738,-0.0367119373339896,-0.07002013433607474
1.000000000000002,-0.06413528476041558,-0.02582105570008493,-0.010048017613710278
1.000000000000002,-0.16764813843709123,-0.04570733093024406,0.09016251076571041
1.000000000000002,-0.13276359690567047,-0.02545894519310002,-0.10903219840868869
1.000000000000002,-0.0796028664625716,-0.03816272935886584,0.07055810316973418
1.000000000000002,-0.19478596538256315,-0.029310252574136716,-0.005946231861825945
1.000000000000002,-0.07627393935819808,-0.020748757459222337,-0.07193393816090164
1.000000000000002,-0.1316881399817752,-0.03216646338637044,0.11118583067793383
1.000000000000002,-0.17028499812402256,-0.013622520336950515,-0.0903295493804929
1.000000000000002,-0.063573276968313,-0.01425240847226285,0.009199738497719946
1.000000000000002,-0.18577323236928345,-0.023554354329671647,0.06040167740998495
1.000000000000002,-0.11058553305750456,-0.009601587813419799,-0.11284620893537606
1.000000000000002,-0.09514874019238409,-0.015277502533370863,0.09703275434922924
1.000000000000002,-0.1936854540314844,-0.010525132410155316,-0.03992168646140568
1.000000000000002,-0.062480534798979546,-0.011156413694997695,-0.04184559536033785
1.000000000000002,-0.1537961957026316,-0.015493041613048543,0.10444544873238519
1.000000000000002,-0.14654763092314044,0.00572289032815667,-0.11316401154641159
1.000000000000002,-0.06897117356821862,-0.008194222229469774,0.0560367659342086
1.000000000000002,-0.19683068025114978,-0.003645531799171476,0.01814693830889678
1.000000000000002,-0.08503653457317555,0.007632880903949363,-0.08823022635727212
1.000000000000002,-0.11704098063971011,-0.007341716497305908,0.11583387827401138
1.000000000000002,-0.17542965123754403,0.008957831382950681,-0.06664063022299578
1.000000000000002,-0.05722947302255206,0.004853849694716344,-0.001960656353170879
1.000000000000002,-0.17868876810016532,0.004340999275621558,0.08744798647469806
1.000000000000002,-0.12446218369327817,0.0166518394050787,-0.10766572186491308
1.000000000000002,-0.08292285152819773,0.008847067519345948,0.08357207755742463
1.000000000000002,-0.1945747333923058,0.016590388718254783,-0.011594729922037618
1.000000000000002,-0.06925366600844729,0.02333749068586217,-0.05370814259268278
1.000000000000002,-0.14500476758014258,0.009979884584179389,0.10957640020088708
1.000000000000002,-0.1586908297787539,0.03859813023103498,-0.09675556989408976
1.000000000000002,-0.06927825826615139,0.02297290929286917,0.028992943014527567
1.000000000000002,-0.19277634260388143,0.025318988479049294,0.050515690927413266
1.000000000000002,-0.10423858585352051,0.04094480064479754,-0.09524479857788186
1.000000000000002,-0.10312869176778211,0.026694229977078224,0.09903439773914068
1.000000000000002,-0.1863707050613122,0.035847146530248813,-0.05786694861932584
1.000000000000002,-0.06397367429695748,0.03262017214920729,-0.024585050183156015
1.000000000000002,-0.15887821287915824,0.028016297035907026,0.09020512527511247
1.000000000000002,-0.13198272666827962,0.05785059960802462,-0.10990568165245933
1.000000000000002,-0.08009402325699067,0.04253253275010202,0.06357255465578668
1.000000000000002,-0.18885879803377922,0.05132037728955835,0.01068655710768134
1.000000000000002,-0.08404022960765008,0.04811600254143355,-0.07050938969718065
1.000000000000002,-0.1321938079534665,0.040701161961287535,0.10665619427456723
1.000000000000002,-0.16459297080944582,0.06550098292929495,-0.07886552675016836
1.000000000000002,-0.06944174654676846,0.056283264083844875,0.010312738496066155
1.000000000000002,-0.17485504003378344,0.05363986392225787,0.0685146691262973
1.000000000000002,-0.11711095996058248,0.07334445812540946,-0.08650890087312699
1.000000000000002,-0.09620814867286245,0.05366945181863505,0.08213458661959001
1.000000000000002,-0.18291934895707318,0.0702885333748614,-0.02088779461653693
1.000000000000002,-0.07817601913446652,0.06752487555936904,-0.036624208154631785
1.000000000000002,-0.1438967210384924,0.06622906892721055,0.0872775252868444
1.000000000000002,-0.14206619124476594,0.08210207393838904,-0.07511968174230767
1.000000000000002,-0.07925247810691899,0.0748186232640507,0.03643831762843752
1.000000000000002,-0.17750879743405795,0.0781200067036744,0.03134864630390277
1.000000000000002,-0.10479296811882015,0.08580158336742484,-0.06591872759181676
1.000000000000002,-0.11833596313231488,0.06991579896000083,0.08365850465924037
1.000000000000002,-0.1625707550744137,0.0865557055382544,-0.03226684405066923
1.000000000000002,-0.08658994905101873,0.08794785733853229,0.00038766211624709766
1.000000000000002,-0.1569345255562993,0.08989871036273125,0.05972094663348106
1.000000000000002,-0.1323099518495757,0.09459658221746726,-0.06657877451922282
1.000000000000002,-0.09884443105312375,0.08480966749154172,0.05382976460726727
1.000000000000002,-0.16713338870645494,0.09312446084936354,0.014859242310771814
1.000000000000002,-0.10445070044250064,0.0971983915816459,-0.033631654270715496
1.000000000000002,-0.12658914153945328,0.0960926707886851,0.0645360618746684
1.000000000000002,-0.14416325928617876,0.10950890126703654,-0.03269944513370471
1.000000000000002,-0.10127929403129601,0.09815174039954973,0.01908386827580274
1.000000000000002,-0.14506226934954594,0.1117800583292463,0.0312447010838607
1.000000000000002,-0.1193911955325828,0.11666239750698765,-0.02057704480575905
1.000000000000002,-0.1198954736401582,0.11170511812705079,0.029770742007860156
1.000000000000002,-0.12545227795589375,0.11446639337762045,0.004343707348744801
1.000000000000002,-0.15182255502565586,-0.04656160602458323,0.00028691576247699213
1.000000000000002,-0.14323156434193654,-0.0475535674005495,0.01152847557913753
1.000000000000002,-0.168629751187285,-0.041874887581597166,0.004052482860090517
1.000000000000002,-0.13756898316658234,-0.0431063138558423,-0.011830689127425818
1.000000000000002,-0.15237214863158827,-0.05276735852490399,0.02169207231961081
1.000000000000002,-0.16242097256249236,-0.04446220175463846,-0.024314653629704985
1.000000000000002,-0.1280116399450697,-0.044466356985251046,-0.0019816375020076256
1.000000000000002,-0.17467747206733913,-0.048140939398766396,0.00394640414038298
1.000000000000002,-0.13992883368372006,-0.03769331060868326,-0.031023860483032014
1.000000000000002,-0.14142598979435486,-0.038716907024960875,0.02346346985497975
1.000000000000002,-0.17392048770380908,-0.04070153072271051,-0.022279134676548375
1.000000000000002,-0.12330575282542938,-0.03951602977207788,-0.006162187336484204
1.000000000000002,-0.16243920060056702,-0.041238423333801504,0.03348459945879201
1.000000000000002,-0.15531410352892286,-0.04246233415731287,-0.032129659975555
1.000000000000002,-0.12331031967411869,-0.04012518179240841,0.023674922445025934
1.000000000000002,-0.1839578269108589,-0.04062764465742387,-0.0003436595585400903
1.000000000000002,-0.12419895555166832,-0.03340644023597327,-0.03702564439306189
1.000000000000002,-0.14601854380258308,-0.03105119132198005,0.03381874286137194
1.000000000000002,-0.17450064341462282,-0.026680453673678186,-0.034413931435244176
1.000000000000002,-0.11570861467259724,-0.029883910441162585,-0.001150722145632093
1.000000000000002,-0.18002351023521532,-0.02662166303657262,0.027073618891382625
1.000000000000002,-0.14245210575100034,-0.028421913152074825,-0.04074744454771608
1.000000000000002,-0.12630207183340952,-0.030051667877592513,0.02801440642575626
1.000000000000002,-0.1880303448337023,-0.023873054053601954,-0.01579799349014249
1.000000000000002,-0.1136417436054681,-0.01854317133719297,-0.02332789719732478
1.000000000000002,-0.16411196533594166,-0.03188427140377595,0.04312681059982577
1.000000000000002,-0.1687645036384453,-0.027082416632183446,-0.049792314643022896
1.000000000000002,-0.10697309890937765,-0.017567363670784656,0.010785977715685405
1.000000000000002,-0.1953598859372232,-0.01802648533364541,0.008862296848089419
1.000000000000002,-0.13393865375964545,-0.025285354259041916,-0.04004229518558938
1.000000000000002,-0.13743451161205142,-0.023025145629680926,0.04166345012502195
1.000000000000002,-0.18874804520430394,-0.012743714383474103,-0.028973365747911498
1.000000000000002,-0.10413569998321008,-0.012938412542935736,-0.001033391864143001
1.000000000000002,-0.17978163439119277,-0.012543390651845251,0.037524089524425
1.000000000000002,-0.15277531895609192,-0.012368720306112115,-0.0498540515706684
1.000000000000002,-0.11938165813195191,-0.011777466284395523,0.026887446282439727
1.000000000000002,-0.1968150750511992,-0.017327053461439233,-0.0014029790215540042
1.000000000000002,-0.11660019693056653,-0.011582525605114963,-0.029520182051973647
1.000000000000002,-0.15289704290432946,-0.011027628635713318,0.04739501380911335
1.000000000000002,-0.17996976717876387,-0.010291746879057095,-0.04403626533647265
1.000000000000002,-0.10728431280685155,-0.001572509893603433,0.001209815723094997
1.000000000000002,-0.1858141652396012,-0.011174245425502072,0.022904667943583232
1.000000000000002,-0.14257859857052263,-0.0066739428583212305,-0.0452768390691787
1.000000000000002,-0.13166964007925955,-0.00906274872857767,0.038938823452915085
1.000000000000002,-0.19744108328946372,-0.0007015313482313732,-0.01949106042807617
1.000000000000002,-0.10132877784463631,-0.005845133911381093,-0.014639917232818357
1.000000000000002,-0.17616855019534314,-0.008789502675097155,0.054070553499668744
1.000000000000002,-0.1628117937052456,0.0019914968162016706,-0.05597430847347334
1.000000000000002,-0.10975196428989338,0.0005819530994120276,0.01959838548073153
1.000000000000002,-0.19740367592454786,-0.001053214115286265,0.0036931978965476903
1.000000000000002,-0.12354295623699547,0.0029504194884152697,-0.03975876064512363
1.000000000000002,-0.14337424432417212,0.0018703633079537932,0.05036394287880202
1.000000000000002,-0.18547935146835579,0.006396103593380717,-0.04308279829883953
1.000000000000002,-0.10724229298355552,-0.0018925995678441285,-0.0024347156137949624
1.000000000000002,-0.1828550143029289,-0.0005190514239615902,0.04062930209907413
1.000000000000002,-0.147633681495529,0.002134012332062345,-0.051145892281858625
1.000000000000002,-0.11939066672169547,-0.00042238115721363604,0.037265512897062154
1.000000000000002,-0.19747548562311185,0.0120289702855264,-0.0021959052224777894
1.000000000000002,-0.11478498131030145,0.0026883843621087968,-0.029286743646435104
1.000000000000002,-0.15993832474890712,0.013703468376570608,0.05230562639991632
1.000000000000002,-0.1705693540432077,0.005010149093456702,-0.0441687745079963
1.000000000000002,-0.10125617467137993,0.011621958859388581,0.010320053021609002
1.000000000000002,-0.1896820481017558,0.013892907894540512,0.022398025583792433
1.000000000000002,-0.1319796564210487,0.012693994314927959,-0.04928449597356003
1.000000000000002,-0.1341522450746165,0.01325271970851113,0.04806803471677493
1.000000000000002,-0.19367220377102184,0.02053033486565003,-0.02035627575316449
1.000000000000002,-0.10459254732211404,0.013273155008827626,-0.007120449357015815
1.000000000000002,-0.17771988422044316,0.014916678612046702,0.045550408742857006
1.000000000000002,-0.15673916792947237,0.028654418384925908,-0.05308324902851446
1.000000000000002,-0.1196089080762249,0.02094581890005619,0.025833929240467162
1.000000000000002,-0.19790456853791408,0.025471335652292298,0.008591603657281038
1.000000000000002,-0.12272842683876735,0.01991746815955698,-0.03492498719584191
1.000000000000002,-0.15185610259934035,0.0196832494256163,0.04804992143363204
1.000000000000002,-0.17681151709429171,0.028674608406680596,-0.039279848326812764
1.000000000000002,-0.112349627840906,0.02034200788812815,0.001755686030796936
1.000000000000002,-0.1817202255447444,0.026357975067728766,0.024926214566536972
1.000000000000002,-0.1422208727133617,0.024189372274467793,-0.04726360017788518
1.000000000000002,-0.13129979192602612,0.03062743827715059,0.038010164411978575
1.000000000000002,-0.19343018857112695,0.028481434061624542,-0.008065891909111365
1.000000000000002,-0.11965362997569043,0.027957185835149275,-0.019524398317743587
1.000000000000002,-0.16303188606454252,0.03647714447292001,0.04283093551085169
1.000000000000002,-0.16386853292442574,0.03547506758771947,-0.03729357430536541
1.000000000000002,-0.11270816049413426,0.03297024465558387,0.015496882258322447
1.000000000000002,-0.18161756439628252,0.032139686650445164,0.012686017354451306
1.000000000000002,-0.13228596069006238,0.04115350242857779,-0.03316548687043737
1.000000000000002,-0.14026200046746617,0.039182942700236895,0.041011177381191144
1.000000000000002,-0.1815970515105345,0.04020767409386151,-0.02126417099827344
1.000000000000002,-0.12133900747333647,0.03124065222509165,-0.0032682466801988324
1.000000000000002,-0.1700842452068611,0.046536787318283916,0.01931109092156333
1.000000000000002,-0.15142116833189034,0.044712979294011,-0.029073007316421463
1.000000000000002,-0.1338751945626764,0.04331308776376864,0.020997962092277875
1.000000000000002,-0.17435722648946647,0.040293189649042285,-0.004217183836970842
1.000000000000002,-0.13453594382280923,0.03870886808890103,-0.023588376625848832
1.000000000000002,-0.15357980811879823,0.04954030086259097,0.0248494610287568
1.000000000000002,-0.1625087469285621,0.052042618751714884,-0.021561876021559144
1.000000000000002,-0.13259103870172673,0.044700194253424856,-0.0061815960596908635
1.000000000000002,-0.16311748725447073,0.05483271475177104,0.0054766806218690565
1.000000000000002,-0.14720426786212368,0.049539821728400116,-0.01501615274013624
1.000000000000002,-0.1461514892459256,0.055276925811222684,-0.0025381811379997232
1.000000000000002,-0.14855065919695193,0.05746147697052464,0.002073816703552943
